source_identity_key,historical_product_title,historical_variant_title,material,affected_raw_rows,absolute_unit_magnitude,absolute_sales_magnitude,review_disposition,canonical_variant_id,canonical_product_title,canonical_variant_title,evidence_basis,review_note
0|1809623|FRONTERA CAB MERLOT|1.5L,Frontera Cabernet Sauvignon - Merlot,1.5L,true,33,60.0000,589.40,LEAVE_UNRESOLVED,,,,no_unique_exact_catalog_identity,No qualifying unique canonical identity.
0|18949|LIFEVINE CHARDONNAY|750ML,Lifevine Chardonnay,750ML,true,22,35.0000,546.13,LEAVE_UNRESOLVED,,,,no_unique_exact_catalog_identity,No qualifying unique canonical identity.
0|19114|A AND J CAB|750ML,A&J Cabernet Sauvignon,750ML,true,12,12.0000,71.28,LEAVE_UNRESOLVED,,,,no_unique_exact_catalog_identity,No qualifying unique canonical identity.
0|19115|A AND J CAB|1.5L,A&J Cabernet Sauvignon,1.5L,true,14,16.0000,144.90,LEAVE_UNRESOLVED,,,,no_unique_exact_catalog_identity,No qualifying unique canonical identity.
0|19125|A AND J PN|750ML,A&J Pinot Noir,750ML,true,9,12.0000,69.79,LEAVE_UNRESOLVED,,,,no_unique_exact_catalog_identity,No qualifying unique canonical identity.
0|19126|A AND J PN|1.5L,A&J Pinot Noir,1.5L,true,15,16.0000,129.96,LEAVE_UNRESOLVED,,,,no_unique_exact_catalog_identity,No qualifying unique canonical identity.
0|19933|SUN CRUISER VARIETY|355ML,Sun Cruiser Variety,355ML,true,9,9.0000,179.91,LEAVE_UNRESOLVED,,,,no_unique_exact_catalog_identity,No qualifying unique canonical identity.
0|19933|SUN CRUISER VARIETY|8PK 12OZ CANS,Sun Cruiser Variety,8pk-12oz Cans,true,3,6.0000,119.94,LEAVE_UNRESOLVED,,,,no_unique_exact_catalog_identity,No qualifying unique canonical identity.
0|209135|FOX RUN SEMI DRY RIESLING|750ML,Fox Run Semi Dry Riesling,750ML,true,52,54.0000,863.46,LEAVE_UNRESOLVED,,,,no_unique_exact_catalog_identity,No qualifying unique canonical identity.
0|2208|BRILLA DELLE VENEZIE PG|750ML,Brilla Delle Venezie Pinot Grigio,750ML,true,62,72.0000,932.05,LEAVE_UNRESOLVED,,,,no_unique_exact_catalog_identity,No qualifying unique canonical identity.
0|300010|CUTWATER WHISKEY LEMONADE|12OZ,Cutwater Whiskey Lemonade,12oz,true,14,15.0000,194.85,LEAVE_UNRESOLVED,,,,no_unique_exact_catalog_identity,No qualifying unique canonical identity.
0|300010|CUTWATER WHISKEY LEMONADE|4PK 12OZ CANS,Cutwater Whiskey Lemonade,4pk-12oz Cans,true,2,2.0000,25.98,LEAVE_UNRESOLVED,,,,no_unique_exact_catalog_identity,No qualifying unique canonical identity.
0|3001320|VOLCAN DE MI TIERRA BLANCO|750ML,Volcan De Mi Tierra Blanco,750ML,true,3,3.0000,156.10,LEAVE_UNRESOLVED,,,,no_unique_exact_catalog_identity,No qualifying unique canonical identity.
0|3003070|PRIMO AMORE MOSCATO PUGLIA IGT|750ML,Primo Amore Moscato Puglia IGT,750ML,true,33,38.0000,483.62,LEAVE_UNRESOLVED,,,,no_unique_exact_catalog_identity,No qualifying unique canonical identity.
0|3003070|ZONIN PRIMO AMORE MOSCATO PUGLIA IGT|750ML,Zonin Primo Amore Moscato Puglia IGT,750ML,true,9,10.0000,117.27,LEAVE_UNRESOLVED,,,,no_unique_exact_catalog_identity,No qualifying unique canonical identity.
0|3003424|SOUTHERN TIER VODKA MADRAS|4 PACK,Southern Tier Vodka Madras,4 Pack,true,8,8.0000,111.92,LEAVE_UNRESOLVED,,,,no_unique_exact_catalog_identity,No qualifying unique canonical identity.
0|3003424|SOUTHERN TIER VODKA MADRAS|4PK 12OZ CANS,Southern Tier Vodka Madras,4pk-12oz Cans,true,7,16.0000,215.63,LEAVE_UNRESOLVED,,,,no_unique_exact_catalog_identity,No qualifying unique canonical identity.
0|3004074|ARBOR MIST RASPBERRY PINK MOSCATO|1.5L,Arbor Mist Raspberry Pink Moscato,1.5L,true,6,6.0000,59.94,LEAVE_UNRESOLVED,,,,no_unique_exact_catalog_identity,No qualifying unique canonical identity.
0|3005011|WOODINVILLE STRAIGHT BOURBON WHISKEY|750ML,Woodinville Straight Bourbon Whiskey,750ML,true,11,12.0000,475.89,LEAVE_UNRESOLVED,,,,no_unique_exact_catalog_identity,No qualifying unique canonical identity.
0|3005013|WOODINVILLE STRAIGHT RYE WHISKEY|750ML,Woodinville Straight Rye Whiskey,750ML,true,8,12.0000,491.37,LEAVE_UNRESOLVED,,,,no_unique_exact_catalog_identity,No qualifying unique canonical identity.
0|3005365|PENELOPE FOUR GRAIN BARREL STRENGTH STRAIGHT BOURBON|750ML,Penelope Four Grain Barrel Strength Straight Bourbon,750ML,true,6,6.0000,389.65,LEAVE_UNRESOLVED,,,,no_unique_exact_catalog_identity,No qualifying unique canonical identity.
0|3006147|MILAM AND GREENE PORT CASK STRAIGHT RYE|750ML,Milam & Greene Port Cask Straight Rye,750ML,true,2,2.0000,105.98,LEAVE_UNRESOLVED,,,,no_unique_exact_catalog_identity,No qualifying unique canonical identity.
0|3006243|HUDSON WHISKEY NY BRIGHT LIGHTS BIG BOURBON|750ML,"Hudson Whiskey NY Bright Lights, Big Bourbon",750ML,true,3,3.0000,125.97,LEAVE_UNRESOLVED,,,,no_unique_exact_catalog_identity,No qualifying unique canonical identity.
0|3006244|HUDSON WHISKEY NY DO THE RYE THING|750ML,Hudson Whiskey NY Do The Rye Thing,750ML,true,6,9.0000,343.95,LEAVE_UNRESOLVED,,,,no_unique_exact_catalog_identity,No qualifying unique canonical identity.
0|3006285|VOLCAN DE MI TIERRA REPOSADO|750ML,Volcan De Mi Tierra Reposado,750ML,true,3,3.0000,188.47,LEAVE_UNRESOLVED,,,,no_unique_exact_catalog_identity,No qualifying unique canonical identity.
0|3006449|MILAM AND GREENE SINGLE BARREL STRAIGHT|750ML,Milam & Greene Single Barrel Straight,750ML,true,2,2.0000,139.98,LEAVE_UNRESOLVED,,,,no_unique_exact_catalog_identity,No qualifying unique canonical identity.
0|3009333|BAREFOOT BRIGHT AND BREEZY CHARDONNAY|750ML,Barefoot Bright & Breezy Chardonnay,750ML,true,9,12.0000,83.19,LEAVE_UNRESOLVED,,,,no_unique_exact_catalog_identity,No qualifying unique canonical identity.
0|3009334|BAREFOOT BRIGHT AND BREEZY PG|750ML,Barefoot Bright & Breezy Pinot Grigio,750ML,true,11,12.0000,83.88,LEAVE_UNRESOLVED,,,,no_unique_exact_catalog_identity,No qualifying unique canonical identity.
0|3010086|BLACK BOX BRILLIANT CAB|3L,Black Box Brilliant Cabernet Sauvignon,3L,true,6,6.0000,119.94,LEAVE_UNRESOLVED,,,,no_unique_exact_catalog_identity,No qualifying unique canonical identity.
0|3010636|BUSHMILLS PROHIBITION|750ML,BUSHMILLS  PROHIBITION,750ML,true,31,36.0000,717.65,LEAVE_UNRESOLVED,,,,no_unique_exact_catalog_identity,No qualifying unique canonical identity.
0|3010650|FISHERS ISLAND LEMONADE 8 PACK 2.0|12OZ,Fishers Island Lemonade 8 Pack 2.0,12oz,true,1,1.0000,29.99,LEAVE_UNRESOLVED,,,,no_unique_exact_catalog_identity,No qualifying unique canonical identity.
0|3010650|FISHERS ISLAND LEMONADE 8 PACK 2.0|8PK 12OZ CANS,Fishers Island Lemonade 8 Pack 2.0,8pk-12oz Cans,true,2,2.0000,59.98,LEAVE_UNRESOLVED,,,,no_unique_exact_catalog_identity,No qualifying unique canonical identity.
0|3011080|COOPERSTOWN DISTILLERY HALL OF CHAMPIONS|750ML,"Cooperstown Distillery, Hall Of Champions",750ML,true,6,6.0000,344.85,LEAVE_UNRESOLVED,,,,no_unique_exact_catalog_identity,No qualifying unique canonical identity.
0|3011498|CHICKEN COCK KENTUCKY STRAIGHT BOURBON|750ML,Chicken Cock Kentucky Straight Bourbon,750ML,true,5,6.0000,359.94,LEAVE_UNRESOLVED,,,,no_unique_exact_catalog_identity,No qualifying unique canonical identity.
0|3011499|CHICKEN COCK KENTUCKY STRAIGHT RYE WHISKEY|750ML,Chicken Cock Kentucky Straight Rye Whiskey,750ML,true,6,6.0000,359.94,LEAVE_UNRESOLVED,,,,no_unique_exact_catalog_identity,No qualifying unique canonical identity.
0|3011511|TEQUILA KOMOS REPOSADO ROSA|750ML,Tequila Komos Reposado Rosa,750ML,true,1,1.0000,108.00,LEAVE_UNRESOLVED,,,,no_unique_exact_catalog_identity,No qualifying unique canonical identity.
0|3011871|VIBE BY VENDANGE STRAWBERRY LIMEADE|500ML,Vibe by Vendange Strawberry Limeade,500ML,true,10,12.0000,35.88,LEAVE_UNRESOLVED,,,,no_unique_exact_catalog_identity,No qualifying unique canonical identity.
0|3012337|HIGH NOON TEQUILA VARIETY PACK|12OZ,High Noon Tequila Variety Pack,12oz,true,1,1.0000,21.99,LEAVE_UNRESOLVED,,,,no_unique_exact_catalog_identity,Not equivalent to High Noon Fiesta Pack 41193000796235.
0|3014125|ORIN SWIFT ABSTRACT RED|750ML,Orin Swift Abstract Red,750ML,true,10,12.0000,479.88,LEAVE_UNRESOLVED,,,,no_unique_exact_catalog_identity,No qualifying unique canonical identity.
0|3014259|BANFI BELNERO PROPER RED RESERVE|750ML,Banfi belnero proper red reserve,750ML,true,12,12.0000,323.88,LEAVE_UNRESOLVED,,,,no_unique_exact_catalog_identity,No qualifying unique canonical identity.
0|3014391|VEUVE CLICQUOT RICH ROSE|750ML,Veuve Clicquot Rich Rose,750ML,true,3,3.0000,246.47,LEAVE_UNRESOLVED,,,,no_unique_exact_catalog_identity,No qualifying unique canonical identity.
0|3014701|HIGH NOON TEQUILA VARIETY 8 PACK|12OZ,High Noon Tequila Variety 8 Pack,12oz,true,23,27.0000,593.73,LEAVE_UNRESOLVED,,,,no_unique_exact_catalog_identity,Not equivalent to High Noon Fiesta Pack 41193000796235.
0|3014701|HIGH NOON TEQUILA VARIETY 8 PACK|8PK 12OZ CANS,High Noon Tequila Variety 8 Pack,8pk-12oz Cans,true,17,18.0000,395.82,LEAVE_UNRESOLVED,,,,no_unique_exact_catalog_identity,Not equivalent to High Noon Fiesta Pack 41193000796235.
0|3014833|ESTANCIA CHARDONNAY CALIFORNIA|750ML,Estancia Chardonnay California,750ML,true,11,12.0000,160.27,LEAVE_UNRESOLVED,,,,no_unique_exact_catalog_identity,No qualifying unique canonical identity.
0|3015057|CHICKEN COCK SMALL BATCH BOURBON|750ML,Chicken cock small batch bourbon,750ML,true,6,6.0000,419.94,LEAVE_UNRESOLVED,,,,no_unique_exact_catalog_identity,No qualifying unique canonical identity.
0|3015563|GARRISON BROTHERS BALMORHEA TEXAS STRAIGHT|750ML,Garrison Brothers Balmorhea Texas Straight,750ML,true,1,1.0000,180.00,LEAVE_UNRESOLVED,,,,no_unique_exact_catalog_identity,No qualifying unique canonical identity.
0|3015848|JACK DANIEL S NO. 7 WITH CHERRY|12OZ,Jack Daniel's No. 7 With  Cherry,12oz,true,9,11.0000,140.31,LEAVE_UNRESOLVED,,,,no_unique_exact_catalog_identity,No qualifying unique canonical identity.
0|3015848|JACK DANIEL S NO. 7 WITH CHERRY|355ML,Jack Daniel's No. 7 With  Cherry,355ML,true,3,3.0000,38.97,LEAVE_UNRESOLVED,,,,no_unique_exact_catalog_identity,No qualifying unique canonical identity.
0|3015848|JACK DANIEL S NO. 7 WITH CHERRY|4PK 12OZ CANS,Jack Daniel's No. 7 With  Cherry,4pk-12oz Cans,true,13,15.0000,192.89,LEAVE_UNRESOLVED,,,,no_unique_exact_catalog_identity,No qualifying unique canonical identity.
0|3015862|ARGIANO TOSCANA NON CONFUNDITUR|750ML,Argiano Toscana Non Confunditur,750ML,true,11,12.0000,237.45,LEAVE_UNRESOLVED,,,,no_unique_exact_catalog_identity,No qualifying unique canonical identity.
0|3016059|DOC HOLLIDAY 7YRS SINGLE BARREL CASK STRENGTH BOURBON|750ML,Doc Holliday 7Yrs Single Barrel Cask Strength Bourbon,750ML,true,1,2.0000,242.98,LEAVE_UNRESOLVED,,,,no_unique_exact_catalog_identity,No qualifying unique canonical identity.
0|3016059|DOC HOLLIDAY STRAIGHT 7 YR BOURBON|750ML,Doc Holliday Straight 7 Yr Bourbon,750ML,true,4,4.0000,439.96,LEAVE_UNRESOLVED,,,,no_unique_exact_catalog_identity,No qualifying unique canonical identity.
0|3016652|SKYSIDE CAB|750ML,Skyside Cabernet Sauvignon,750ML,true,43,59.0000,820.49,LEAVE_UNRESOLVED,,,,no_unique_exact_catalog_identity,No qualifying unique canonical identity.
0|606163|PINNACLE WHIPPED CREAM VODKA|1L,PINNACLE WHIPPED CREAM VODKA,1L,true,12,12.0000,199.82,LEAVE_UNRESOLVED,,,,no_unique_exact_catalog_identity,No qualifying unique canonical identity.
0|634648|MAKER S MARK THE HEART RELEASE|750ML,MAKER'S MARK THE HEART RELEASE,750ML,true,1,1.0000,119.99,LEAVE_UNRESOLVED,,,,no_unique_exact_catalog_identity,No qualifying unique canonical identity.
0|644817|ELIJAH CRAIG 11YRS 2M BARREL PROOF|750ML,ELIJAH CRAIG 11YRS 2M BARREL PROOF,750ML,true,3,3.0000,389.97,LEAVE_UNRESOLVED,,,,no_unique_exact_catalog_identity,No qualifying unique canonical identity.
0|644817|ELIJAH CRAIG STRAIGHT BARREL PROOF 10 YR 118.2|750ML,Elijah Craig Straight Barrel Proof 10 yr 118.2,750ML,true,5,6.0000,489.94,LEAVE_UNRESOLVED,,,,no_unique_exact_catalog_identity,No qualifying unique canonical identity.
0|9001741|CLARENDELLE BORDEAUX WHITE|750ML,Clarendelle Bordeaux White,750ML,true,12,12.0000,225.95,LEAVE_UNRESOLVED,,,,no_unique_exact_catalog_identity,No qualifying unique canonical identity.
0|9087722|BLACK BOX RIESLING|3L,Black Box Riesling,3L,true,18,18.0000,359.82,LEAVE_UNRESOLVED,,,,no_unique_exact_catalog_identity,No qualifying unique canonical identity.
0|9100905|DON MIGUEL GASCON MALBEC RESERVA|750ML,Don Miguel Gascon Malbec Reserva,750ML,true,6,6.0000,126.45,LEAVE_UNRESOLVED,,,,no_unique_exact_catalog_identity,No qualifying unique canonical identity.
0|9240897|19 CRIMES THE BANISHED DARK RED SOUTH EASTERN AUSTRALIA|750ML,19 Crimes The Banished Dark Red South Eastern Australia,750ML,true,1,1.0000,10.99,LEAVE_UNRESOLVED,,,,no_unique_exact_catalog_identity,No qualifying unique canonical identity.
0|9240897|19 CRIMES THE BANISHED DARK RED|750ML,19 Crimes The Banished Dark Red,750ML,true,20,22.0000,235.37,LEAVE_UNRESOLVED,,,,no_unique_exact_catalog_identity,No qualifying unique canonical identity.
0||19 CRIMES MONSTER CAB|750ML,19 Crimes Monster Cabernet Sauvignon,750ML,true,10,12.0000,131.88,LEAVE_UNRESOLVED,,,,no_unique_exact_catalog_identity,No qualifying unique canonical identity.
0||19 CRIMES MONSTERS RED BLEND|750ML,19 Crimes Monsters Red Blend,750ML,true,12,12.0000,130.79,LEAVE_UNRESOLVED,,,,no_unique_exact_catalog_identity,No qualifying unique canonical identity.
0||99 BANANA|50ML,99 Banana,50ML,true,8,24.0000,23.76,LEAVE_UNRESOLVED,,,,no_unique_exact_catalog_identity,No qualifying unique canonical identity.
0||ALLOCATED BOURBON|,Allocated Bourbon,,true,1,1.0000,660.00,LEAVE_UNRESOLVED,,,,no_unique_exact_catalog_identity,No qualifying unique canonical identity.
0||AMARO MONTENEGRO|,Amaro montenegro,,true,1,1.0000,47.00,LEAVE_UNRESOLVED,,,,no_unique_exact_catalog_identity,No qualifying unique canonical identity.
0||ARIZONA HARD VODKA TEA 8 PACK|12OZ,Arizona Hard Vodka Tea 8  Pack,12oz,true,2,2.0000,39.98,LEAVE_UNRESOLVED,,,,no_unique_exact_catalog_identity,No qualifying unique canonical identity.
0||ARIZONA HARD VODKA TEA 8 PACK|8PK 12OZ CANS,Arizona Hard Vodka Tea 8  Pack,8pk-12oz Cans,true,4,4.0000,79.96,LEAVE_UNRESOLVED,,,,no_unique_exact_catalog_identity,No qualifying unique canonical identity.
0||BABICH WINES SB MARLBOROUGH|750ML,Babich Wines Sauvignon Blanc Marlborough,750ML,true,21,24.0000,367.77,LEAVE_UNRESOLVED,,,,no_unique_exact_catalog_identity,No qualifying unique canonical identity.
0||BACCHUS ROSSO PICENO CIU CIU|750ML,Bacchus Rosso Piceno Ciu Ciu,750ML,true,9,11.0000,153.89,MAP,41318429589579,Bacchus Rosso Piceno Ciu Ciu,750ML,unique_exact_catalog_identity,Normalized product identity and package uniquely agree.
0||BAG|,Bag,,true,1,1.0000,3.99,LEAVE_UNRESOLVED,,,,no_unique_exact_catalog_identity,No qualifying unique canonical identity.
0||BANFI LA PETTEGOLA VERMENTINO|750ML,Banfi La Pettegola Vermentino,750ML,true,2,2.0000,33.98,MAP,41318441189451,Banfi La Pettegola Vermentino,750ML,unique_exact_catalog_identity,Normalized product identity and package uniquely agree.
0||BAR WATER VODKA BLUEBERRY|1L,Bar Water Vodka Blueberry,1L,true,27,28.0000,246.72,MAP,42671537684555,Bar Water Vodka Blueberry,1L,unique_exact_catalog_identity,Normalized product identity and package uniquely agree.
0||BARTENURA LYCHEE MOSCATO|4PK 250ML CANS,Bartenura Lychee Moscato,4pk-250ML Cans,true,11,11.0000,175.89,LEAVE_UNRESOLVED,,,,no_unique_exact_catalog_identity,No qualifying unique canonical identity.
0||BATASIOLO BARBERA D ALBA|750ML,Batasiolo Barbera D'Alba,750ML,true,16,19.0000,360.81,LEAVE_UNRESOLVED,,,,no_unique_exact_catalog_identity,No qualifying unique canonical identity.
0||BATASIOLOASBARBERA D ALBA|750ML,BatasioloÃŠBarbera D'Alba,750ML,true,4,5.0000,94.95,LEAVE_UNRESOLVED,,,,no_unique_exact_catalog_identity,No qualifying unique canonical identity.
0||BAUCHANTS|,Bauchants,,true,1,1.0000,26.99,LEAVE_UNRESOLVED,,,,no_unique_exact_catalog_identity,No qualifying unique canonical identity.
0||BEZEL CHARDONNAY|750ML,Bezel Chardonnay,750ML,true,3,6.0000,149.94,LEAVE_UNRESOLVED,,,,no_unique_exact_catalog_identity,No qualifying unique canonical identity.
0||BILLS GLASSES W JACK DANIELS 750 ML|,Bills Glasses w Jack Daniels  750 ml,,true,1,1.0000,31.99,LEAVE_UNRESOLVED,,,,no_unique_exact_catalog_identity,No qualifying unique canonical identity.
0||BOTA BOX BREEZE SAUV BLANC|,Bota box breeze sauv blanc,,true,1,1.0000,19.99,LEAVE_UNRESOLVED,,,,no_unique_exact_catalog_identity,No qualifying unique canonical identity.
0||BOTA BOX BREEZE SB|,Bota box breeze SB,,true,1,1.0000,19.99,LEAVE_UNRESOLVED,,,,no_unique_exact_catalog_identity,No qualifying unique canonical identity.
0||BOTA BOX BREEZE SUA BLANC|,Bota box breeze sua blanc,,true,1,1.0000,19.99,LEAVE_UNRESOLVED,,,,no_unique_exact_catalog_identity,No qualifying unique canonical identity.
0||BOTA BOX DRY ROSE|3L,Bota Box Dry Rose,3L,true,23,24.0000,479.76,LEAVE_UNRESOLVED,,,,no_unique_exact_catalog_identity,No qualifying unique canonical identity.
0||BRADY S IRISH CREAM|1L,Brady's Irish Cream,1L,true,12,12.0000,179.88,LEAVE_UNRESOLVED,,,,no_unique_exact_catalog_identity,No qualifying unique canonical identity.
0||BRILLA|,Brilla,,true,1,1.0000,5.99,LEAVE_UNRESOLVED,,,,no_unique_exact_catalog_identity,No qualifying unique canonical identity.
0||BUFFALO HOUSE GIFT CARD|BUFFALO HOUSE GIFT CARD,Buffalo House Gift Card,Buffalo House Gift Card,true,10,13.0000,0.00,EXCLUDE,,,,owner_approved_non_merchandise_exclusion,Excluded from canonical beverage sales.
0||CALUMET|,Calumet,,true,1,1.0000,99.99,LEAVE_UNRESOLVED,,,,no_unique_exact_catalog_identity,No qualifying unique canonical identity.
0||CAMILLO MONTORI MONTEPULCIANO|750ML,Camillo Montori Montepulciano,750ML,true,4,4.0000,55.96,MAP,41318441287755,Camillo Montori Montepulciano,750ML,unique_exact_catalog_identity,Normalized product identity and package uniquely agree.
0||CAPARZO BRUNELLO DI MONTALCINO|750ML,Caparzo Brunello di Montalcino,750ML,true,3,3.0000,144.97,LEAVE_UNRESOLVED,,,,no_unique_exact_catalog_identity,No qualifying unique canonical identity.
0||CASA AZUL ORGANIC BLANCO TEQUILA 100 PURO DE AGAVE|750ML,Casa Azul Organic Blanco Tequila 100% Puro De Agave,750ML,true,1,2.0000,89.88,LEAVE_UNRESOLVED,,,,no_unique_exact_catalog_identity,No qualifying unique canonical identity.
0||CASA AZUL ORGANIC BLANCO TEQUILA|750ML,Casa Azul Organic Blanco Tequila,750ML,true,4,4.0000,173.97,LEAVE_UNRESOLVED,,,,no_unique_exact_catalog_identity,No qualifying unique canonical identity.
0||CASA AZUL TEQUILA SODA VARIETY PACK|12OZ,Casa Azul Tequila Soda Variety Pack,12oz,true,3,3.0000,65.97,LEAVE_UNRESOLVED,,,,no_unique_exact_catalog_identity,No qualifying unique canonical identity.
0||COELUS JOVEN TEMPRANILLO|750ML,Coelus Joven Tempranillo,750ML,true,11,12.0000,155.88,LEAVE_UNRESOLVED,,,,no_unique_exact_catalog_identity,No qualifying unique canonical identity.
0||COLONEL E.H. TAYLOR SMALL BATCH BOURBON|750ML,Colonel E.H. Taylor Small Batch Bourbon,750ML,true,1,3.0000,269.97,LEAVE_UNRESOLVED,,,,no_unique_exact_catalog_identity,No qualifying unique canonical identity.
0||COLONEL E.H. TAYLOR STRAIGHT RYE|750ML,Colonel E.H. Taylor Straight Rye,750ML,true,3,3.0000,389.97,LEAVE_UNRESOLVED,,,,no_unique_exact_catalog_identity,No qualifying unique canonical identity.
0||CONDESA GIN PRICKLY PEAR AND ORANGE BLOSSOM GIN|750ML,Condesa Gin Prickly Pear & Orange Blossom Gin,750ML,true,3,3.0000,119.97,LEAVE_UNRESOLVED,,,,no_unique_exact_catalog_identity,No qualifying unique canonical identity.
0||COOPER AND THIEF BOURBON BARREL AGED RED|750ML,Cooper & Thief Bourbon Barrel Aged Red,750ML,true,9,12.0000,342.39,LEAVE_UNRESOLVED,,,,no_unique_exact_catalog_identity,No qualifying unique canonical identity.
0||CUSTOM SALE|,Custom sale,,true,10,12.0000,622.21,LEAVE_UNRESOLVED,,,,no_unique_exact_catalog_identity,No qualifying unique canonical identity.
0||CUTWATER SPIRITS RED WHITE AND BLUE 12 PACK|200ML,Cutwater Spirits Red White and Blue 12 Pack,200ML,true,3,4.0000,106.38,LEAVE_UNRESOLVED,,,,no_unique_exact_catalog_identity,No qualifying unique canonical identity.
0||DECANTERS|,Decanters,,true,2,3.0000,73.97,LEAVE_UNRESOLVED,,,,no_unique_exact_catalog_identity,No qualifying unique canonical identity.
0||DEEP EDDY VODKA SODA VARIETY PACK|6 PACK,Deep Eddy Vodka + Soda Variety Pack,6 Pack,true,7,8.0000,143.92,LEAVE_UNRESOLVED,,,,no_unique_exact_catalog_identity,No qualifying unique canonical identity.
0||DELIVERY FEE|,Delivery Fee,,true,22,22.0000,98.78,EXCLUDE,,,,owner_approved_non_merchandise_exclusion,Excluded from canonical beverage sales.
0||DEWAR S 15 YEAR OLD THE MONARCH SPECIAL RESERVE BLENDED SCOTCH WHISKY|750ML,Dewar's 15 Year Old The Monarch Special Reserve Blended Scotch Whisky,750ML,true,1,1.0000,38.40,LEAVE_UNRESOLVED,,,,no_unique_exact_catalog_identity,No qualifying unique canonical identity.
0||DEWAR S 15YRS MONARCH RESERVE BLENDED|750ML,Dewar's 15Yrs Monarch Reserve Blended,750ML,true,5,5.0000,239.95,LEAVE_UNRESOLVED,,,,no_unique_exact_catalog_identity,No qualifying unique canonical identity.
0||DEWAR S 8YRS CARIBBEAN SMOOTH RUM CASK|750ML,Dewar's 8Yrs Caribbean Smooth Rum Cask,750ML,true,10,37.0000,1290.84,LEAVE_UNRESOLVED,,,,no_unique_exact_catalog_identity,No qualifying unique canonical identity.
0||DEZZANI MOSCATO|750ML,Dezzani Moscato,750ML,true,1,1.0000,12.99,MAP,41318441254987,Dezzani Moscato,750ML,unique_exact_catalog_identity,Normalized product identity and package uniquely agree.
0||DIO TAHITIAN VANILLA ESPRESSO MARTINI SINGLE CAN|200ML,DIO Tahitian Vanilla Espresso Martini Single Can,200ML,true,5,8.0000,43.92,LEAVE_UNRESOLVED,,,,no_unique_exact_catalog_identity,No qualifying unique canonical identity.
0||DIO TAHITIAN VANILLA ESPRESSO MARTINI|200ML,DIO Tahitian Vanilla Espresso Martini,200ML,true,6,6.0000,125.94,LEAVE_UNRESOLVED,,,,no_unique_exact_catalog_identity,No qualifying unique canonical identity.
0||DIO TAHITIAN VANILLA ESPRESSO MARTINI|4PK 200ML CANS,DIO Tahitian Vanilla Espresso Martini,4pk-200ML Cans,true,3,3.0000,41.98,LEAVE_UNRESOLVED,,,,no_unique_exact_catalog_identity,No qualifying unique canonical identity.
0||DRUMSHANBO GUNPOWDER IRISH GIN GIFT PACK|750ML,Drumshanbo Gunpowder Irish Gin Gift Pack,750ML,true,5,5.0000,184.95,LEAVE_UNRESOLVED,,,,no_unique_exact_catalog_identity,No qualifying unique canonical identity.
0||E11EVEN VODKA|750ML,E11even Vodka,750ML,true,3,3.0000,68.97,LEAVE_UNRESOLVED,,,,no_unique_exact_catalog_identity,No qualifying unique canonical identity.
0||EL MAYOR REPOSADO|750ML,El Mayor Reposado,750Ml,true,5,7.0000,262.56,LEAVE_UNRESOLVED,,,,no_unique_exact_catalog_identity,No qualifying unique canonical identity.
0||ELIJAH CRAIG 15 YEARS|,Elijah craig 15 years,,true,1,1.0000,159.99,LEAVE_UNRESOLVED,,,,no_unique_exact_catalog_identity,No qualifying unique canonical identity.
0||EVAN WILLIAMS BOTTLED IN BOND|1.75L,Evan Williams Bottled-in-Bond,1.75L,true,12,12.0000,443.88,LEAVE_UNRESOLVED,,,,no_unique_exact_catalog_identity,No qualifying unique canonical identity.
0||EVAN WILLIAMS BOTTLED IN BOND|1L,Evan Williams Bottled-in-Bond,1L,true,12,12.0000,311.88,LEAVE_UNRESOLVED,,,,no_unique_exact_catalog_identity,No qualifying unique canonical identity.
0||FIVE FARMS SHOT|,Five Farms Shot,,true,1,1.0000,2.99,LEAVE_UNRESOLVED,,,,no_unique_exact_catalog_identity,No qualifying unique canonical identity.
0||FIVE TRAIL BARREL PROOF BLEND WHISKY|750ML,Five Trail Barrel Proof Blend Whisky,750ML,true,1,1.0000,59.99,LEAVE_UNRESOLVED,,,,no_unique_exact_catalog_identity,No qualifying unique canonical identity.
0||FRUITFUL MIXOLOGY SMOKED JALAPENO LIQUEUR|1L,Fruitful Mixology Smoked Jalapeno Liqueur,1L,true,6,6.0000,122.46,LEAVE_UNRESOLVED,,,,no_unique_exact_catalog_identity,No qualifying unique canonical identity.
0||GEORGE T STAGG|,George T Stagg,,true,1,1.0000,349.99,LEAVE_UNRESOLVED,,,,no_unique_exact_catalog_identity,No qualifying unique canonical identity.
0||GIFT BAG|,Gift Bag,,true,2,2.0000,3.24,LEAVE_UNRESOLVED,,,,no_unique_exact_catalog_identity,No qualifying unique canonical identity.
0||GIRLAN PG|750ML,Girlan Pinot Grigio,750ML,true,10,9.0000,177.92,LEAVE_UNRESOLVED,,,,no_unique_exact_catalog_identity,No qualifying unique canonical identity.
0||GLENLIVET 14 YEAR SINGLE MALT SCOTCH|1L,Glenlivet 14 Year Single Malt Scotch,1L,true,2,6.0000,469.74,LEAVE_UNRESOLVED,,,,no_unique_exact_catalog_identity,No qualifying unique canonical identity.
0||GLENMORANGIE SAMPLER PACK SCOTCH|3PK 100ML,Glenmorangie Sampler Pack Scotch,3PK-100ML,true,4,5.0000,139.95,LEAVE_UNRESOLVED,,,,no_unique_exact_catalog_identity,No qualifying unique canonical identity.
0||HAKU JAPANESE VODKA|750ML,Haku Japanese Vodka,750ML,true,3,3.0000,77.97,LEAVE_UNRESOLVED,,,,no_unique_exact_catalog_identity,No qualifying unique canonical identity.
0||HARTMAN S COTTER S CASK WHEATED|750ML,Hartman's Cotter's Cask Wheated,750ML,true,2,2.0000,299.98,LEAVE_UNRESOLVED,,,,no_unique_exact_catalog_identity,No qualifying unique canonical identity.
0||HARTMAN S SHEA S CENTENNIAL BLEND|750ML,Hartman's Shea's Centennial Blend,750ML,true,6,12.0000,959.88,LEAVE_UNRESOLVED,,,,no_unique_exact_catalog_identity,No qualifying unique canonical identity.
0||HARTMANS|,Hartmans,,true,1,1.0000,114.99,LEAVE_UNRESOLVED,,,,no_unique_exact_catalog_identity,No qualifying unique canonical identity.
0||HARTWALL ORIGINAL LONG DRINK|12OZ,Hartwall Original Long Drink,12oz,true,4,4.0000,63.96,LEAVE_UNRESOLVED,,,,no_unique_exact_catalog_identity,No qualifying unique canonical identity.
0||HEAVEN HILL 7YRS BOTTLED IN BOND STRAIGHT|750ML,Heaven Hill 7Yrs Bottled-In-Bond Straight,750ML,true,6,6.0000,321.70,LEAVE_UNRESOLVED,,,,no_unique_exact_catalog_identity,No qualifying unique canonical identity.
0||HENNESSY 375|,Hennessy 375,,true,1,1.0000,24.99,LEAVE_UNRESOLVED,,,,no_unique_exact_catalog_identity,No qualifying unique canonical identity.
0||HIGH NOON VODKA SELTZER TRANSFUSION|6PK 12OZ CANS,High Noon Vodka Seltzer Transfusion,6pk-12oz Cans,true,9,20.0000,339.80,LEAVE_UNRESOLVED,,,,no_unique_exact_catalog_identity,No qualifying unique canonical identity.
0||J VINEYARDS AND WINERY CHARDONNAY|750ML,J Vineyards & Winery Chardonnay,750ML,true,2,3.0000,59.97,LEAVE_UNRESOLVED,,,,no_unique_exact_catalog_identity,No qualifying unique canonical identity.
0||J VINEYARDS CALIFORNIA CUVEE|750ML,J Vineyards California Cuvee,750ML,true,3,3.0000,71.06,LEAVE_UNRESOLVED,,,,no_unique_exact_catalog_identity,No qualifying unique canonical identity.
0||J VINEYARDS PINOT GRIS CALIFORNIA|750ML,J Vineyards Pinot Gris California,750ML,true,3,3.0000,59.97,LEAVE_UNRESOLVED,,,,no_unique_exact_catalog_identity,No qualifying unique canonical identity.
0||JIM BEAM PINEAPPLE BOURBON WHISKEY|750ML,Jim Beam Pineapple Bourbon Whiskey,750ML,true,1,1.0000,19.99,LEAVE_UNRESOLVED,,,,no_unique_exact_catalog_identity,No qualifying unique canonical identity.
0||JOSE CUERVO MARGARITA MIX|,Jose Cuervo Margarita Mix,,true,1,1.0000,8.99,LEAVE_UNRESOLVED,,,,no_unique_exact_catalog_identity,No qualifying unique canonical identity.
0||JUTE TOTE BAG|,JUTE TOTE BAG,,true,26,29.0000,114.72,LEAVE_UNRESOLVED,,,,no_unique_exact_catalog_identity,No qualifying unique canonical identity.
0||KILLR KCK BIRTHDAY CAKE VODKA|50ML,Killr Kck Birthday Cake Vodka,50ML,true,8,11.0000,10.89,LEAVE_UNRESOLVED,,,,no_unique_exact_catalog_identity,No qualifying unique canonical identity.
0||KORBEL CHAMPAGNE BRUT ROSE|750ML,Korbel Champagne Brut Rose,750ML,true,1,1.0000,13.99,MAP,41318441222219,Korbel Champagne Brut Rose,750ML,unique_exact_catalog_identity,Normalized product identity and package uniquely agree.
0||LOBETIA|,Lobetia,,true,1,1.0000,10.99,LEAVE_UNRESOLVED,,,,no_unique_exact_catalog_identity,No qualifying unique canonical identity.
0||M DE MAGNOL BORDEAUX BLANC|750ML,M de Magnol Bordeaux Blanc,750ML,true,17,19.0000,341.81,LEAVE_UNRESOLVED,,,,no_unique_exact_catalog_identity,No qualifying unique canonical identity.
0||M DE MAGNOL BORDEAUX|750ML,M DE MAGNOL BORDEAUX,750ML,true,5,5.0000,89.95,LEAVE_UNRESOLVED,,,,no_unique_exact_catalog_identity,No qualifying unique canonical identity.
0||MADRE BLANCO TEQUILA 100 AGAVE AZUL|700ML,Madre Blanco Tequila 100% Agave Azul,700ML,true,6,6.0000,299.94,LEAVE_UNRESOLVED,,,,no_unique_exact_catalog_identity,No qualifying unique canonical identity.
0||MAKERS MARK WITH TWO GLASSES|,Makers Mark with Two Glasses,,true,1,1.0000,31.99,LEAVE_UNRESOLVED,,,,no_unique_exact_catalog_identity,No qualifying unique canonical identity.
0||MINUTE MAID SPIKED LIME MARGARITA|200ML,Minute Maid Spiked Lime Margarita,200ML,true,1,1.0000,9.99,LEAVE_UNRESOLVED,,,,no_unique_exact_catalog_identity,No qualifying unique canonical identity.
0||MINUTE MAID SPIKED LIME MARGARITA|4PK 200ML CANS,Minute Maid Spiked Lime Margarita,4pk-200ML Cans,true,11,11.0000,109.89,LEAVE_UNRESOLVED,,,,no_unique_exact_catalog_identity,No qualifying unique canonical identity.
0||MOET AND CHANDON NECTAR IMPERIAL ROSE|750ML,Moet & Chandon Nectar Imperial Rose,750ML,true,2,2.0000,144.98,LEAVE_UNRESOLVED,,,,no_unique_exact_catalog_identity,No qualifying unique canonical identity.
0||MOET AND CHANDON ROSE|750ML,Moet & Chandon Rose,750ML,true,1,1.0000,74.99,LEAVE_UNRESOLVED,,,,no_unique_exact_catalog_identity,No qualifying unique canonical identity.
0||MR. BOSTON|,Mr. Boston,,true,1,1.0000,3.99,LEAVE_UNRESOLVED,,,,no_unique_exact_catalog_identity,No qualifying unique canonical identity.
0||NIGHTOWL TEQUILA ESPRESSO MARTINI|4PK 200ML CANS,NightOwl Tequila Espresso Martini,4pk-200ML Cans,true,6,6.0000,119.94,LEAVE_UNRESOLVED,,,,no_unique_exact_catalog_identity,No qualifying unique canonical identity.
0||NIGHTOWL VODKA ESPRESSO MARTINI|200ML,NightOwl Vodka Espresso Martini,200ML,true,4,4.0000,77.97,LEAVE_UNRESOLVED,,,,no_unique_exact_catalog_identity,No qualifying unique canonical identity.
0||NIGHTOWL VODKA ESPRESSO MARTINI|4PK 200ML CANS,NightOwl Vodka Espresso Martini,4pk-200ML Cans,true,2,2.0000,39.98,LEAVE_UNRESOLVED,,,,no_unique_exact_catalog_identity,No qualifying unique canonical identity.
0||NOBLE VINES 242 SB|750ML,Noble Vines 242 Sauvignon Blanc,750ML,true,30,36.0000,357.64,LEAVE_UNRESOLVED,,,,no_unique_exact_catalog_identity,No qualifying unique canonical identity.
0||NOBLE VINES 337 CAB|750ML,Noble Vines 337 Cabernet Sauvignon,750ML,true,32,36.0000,464.04,LEAVE_UNRESOLVED,,,,no_unique_exact_catalog_identity,No qualifying unique canonical identity.
0||ONDA TEQUILA SELTZER CLASSIC VARIETY PACK|12OZ,Onda Tequila Seltzer Classic Variety Pack,12oz,true,3,3.0000,68.97,LEAVE_UNRESOLVED,,,,no_unique_exact_catalog_identity,No qualifying unique canonical identity.
0||ONDA TEQUILA SELTZER CLASSIC VARIETY PACK|8PK 12OZ CANS,Onda Tequila Seltzer Classic Variety Pack,8pk-12oz Cans,true,3,3.0000,68.97,LEAVE_UNRESOLVED,,,,no_unique_exact_catalog_identity,No qualifying unique canonical identity.
0||ONDA TEQUILA SELTZER PARADISE VARIETY PACK|12OZ,Onda Tequila Seltzer Paradise Variety Pack,12oz,true,6,6.0000,114.95,LEAVE_UNRESOLVED,,,,no_unique_exact_catalog_identity,No qualifying unique canonical identity.
0||ONDA TEQUILA SELTZER TROPICAL VARIETY PACK|12OZ,Onda Tequila Seltzer Tropical Variety Pack,12oz,true,4,6.0000,137.94,LEAVE_UNRESOLVED,,,,no_unique_exact_catalog_identity,No qualifying unique canonical identity.
0||ORIGAMI WHITE LOTUS SAKE|750ML,Origami White Lotus Sake,750ML,true,4,4.0000,107.96,LEAVE_UNRESOLVED,,,,no_unique_exact_catalog_identity,No qualifying unique canonical identity.
0||OWLS BREW|,Owls brew,,true,1,1.0000,19.99,LEAVE_UNRESOLVED,,,,no_unique_exact_catalog_identity,No qualifying unique canonical identity.
0||PARROT BAY PINEAPPLE|50ML,Parrot Bay Pineapple,50ML,true,14,29.0000,28.71,LEAVE_UNRESOLVED,,,,no_unique_exact_catalog_identity,No qualifying unique canonical identity.
0||PATRON 6 PACK|,Patron 6 Pack,,true,1,1.0000,34.99,LEAVE_UNRESOLVED,,,,no_unique_exact_catalog_identity,No qualifying unique canonical identity.
0||PENELOPE COOPER SERIES|,Penelope Cooper Series,,true,1,1.0000,85.99,LEAVE_UNRESOLVED,,,,no_unique_exact_catalog_identity,No qualifying unique canonical identity.
0||PENELOPE OMEGA|,Penelope Omega,,true,1,1.0000,145.99,LEAVE_UNRESOLVED,,,,no_unique_exact_catalog_identity,No qualifying unique canonical identity.
0||PENELOPE PRIVATE SELECTION|,Penelope private selection,,true,1,1.0000,89.99,LEAVE_UNRESOLVED,,,,no_unique_exact_catalog_identity,No qualifying unique canonical identity.
0||PREMIUM BAG|,Premium Bag,,true,2,2.0000,7.98,LEAVE_UNRESOLVED,,,,no_unique_exact_catalog_identity,No qualifying unique canonical identity.
0||RED NEWT CELLARS GEWURZTRAMINER|750ML,Red Newt Cellars Gewurztraminer,750ML,true,12,12.0000,190.29,LEAVE_UNRESOLVED,,,,no_unique_exact_catalog_identity,No qualifying unique canonical identity.
0||RED NEWT DRY RIESLING|750ML,Red Newt Dry Riesling,750ML,true,12,12.0000,237.89,LEAVE_UNRESOLVED,,,,no_unique_exact_catalog_identity,No qualifying unique canonical identity.
0||ROCCA DELLE MACIE SASYR|750ML,Rocca delle Macie Sasyr,750ML,true,12,12.0000,227.88,LEAVE_UNRESOLVED,,,,no_unique_exact_catalog_identity,No qualifying unique canonical identity.
0||ROSCATO BLACK CHERRY|750ML,Roscato Black Cherry,750ML,true,2,2.0000,23.98,LEAVE_UNRESOLVED,,,,no_unique_exact_catalog_identity,No qualifying unique canonical identity.
0||ROSCATO ROSE|750ML,Roscato Rose,750ML,true,2,2.0000,23.98,LEAVE_UNRESOLVED,,,,no_unique_exact_catalog_identity,No qualifying unique canonical identity.
0||RUFFINO AQUA DI VENUS PG|750ML,Ruffino Aqua Di Venus Pinot Grigio,750ML,true,41,60.0000,680.71,LEAVE_UNRESOLVED,,,,no_unique_exact_catalog_identity,No qualifying unique canonical identity.
0||RUFFINO MODUS TOSCANA IGT|750ML,Ruffino Modus Toscana IGT,750ML,true,11,12.0000,359.88,LEAVE_UNRESOLVED,,,,no_unique_exact_catalog_identity,No qualifying unique canonical identity.
0||SHENK S HOMESTEAD SOUR MASH WHISKEY|750ML,Shenk's Homestead Sour Mash Whiskey,750ML,true,2,2.0000,249.98,LEAVE_UNRESOLVED,,,,no_unique_exact_catalog_identity,No qualifying unique canonical identity.
0||SHIPPING FEES|,Shipping Fees,,true,1,1.0000,14.99,EXCLUDE,,,,owner_approved_non_merchandise_exclusion,Excluded from canonical beverage sales.
0||SHOT CUPS|,Shot cups,,true,1,1.0000,8.00,LEAVE_UNRESOLVED,,,,no_unique_exact_catalog_identity,No qualifying unique canonical identity.
0||SHOT GLASSES|,Shot glasses,,true,1,1.0000,7.99,LEAVE_UNRESOLVED,,,,no_unique_exact_catalog_identity,No qualifying unique canonical identity.
0||SHOT GLASS|,Shot glass,,true,2,2.0000,15.98,LEAVE_UNRESOLVED,,,,no_unique_exact_catalog_identity,No qualifying unique canonical identity.
0||SHOTS|,Shots,,true,1,1.0000,7.99,LEAVE_UNRESOLVED,,,,no_unique_exact_catalog_identity,No qualifying unique canonical identity.
0||SIRDAVIS AMERICAN RYE WHISKY|750ML,SirDavis American Rye Whisky,750ML,true,1,1.0000,77.99,LEAVE_UNRESOLVED,,,,no_unique_exact_catalog_identity,No qualifying unique canonical identity.
0||SKYY 1.75|,Skyy 1.75,,true,1,1.0000,19.99,LEAVE_UNRESOLVED,,,,no_unique_exact_catalog_identity,No qualifying unique canonical identity.
0||SPRITZ DEL CONTE CLASSICO|750ML,Spritz Del Conte Classico,750ML,true,6,6.0000,92.76,LEAVE_UNRESOLVED,,,,no_unique_exact_catalog_identity,No qualifying unique canonical identity.
0||SPRITZ DEL CONTE LEMONCELLO|750ML,Spritz Del Conte Lemoncello,750ML,true,5,7.0000,107.16,LEAVE_UNRESOLVED,,,,no_unique_exact_catalog_identity,No qualifying unique canonical identity.
0||SQUEALING PIG SB|750ML,Squealing Pig Sauvignon Blanc,750ML,true,3,5.0000,84.95,MAP,41318429556811,Squealing Pig Sauvignon Blanc,750ML,unique_exact_catalog_identity,Normalized product identity and package uniquely agree.
0||STELLA ROSA STELLA BERRY|750ML,Stella Rosa Stella Berry,750ML,true,11,12.0000,155.88,LEAVE_UNRESOLVED,,,,no_unique_exact_catalog_identity,No qualifying unique canonical identity.
0||TERRAZAS DE LOS ANDES RESERVA CAB|750ML,Terrazas de los Andes Reserva Cabernet Sauvignon,750ML,true,20,24.0000,467.77,LEAVE_UNRESOLVED,,,,no_unique_exact_catalog_identity,No qualifying unique canonical identity.
0||THE MACALLAN SHERRY OAK 110 PROOF 12 YRS|750ML,The Macallan Sherry Oak 110 Proof 12 Yrs,750ML,true,1,2.0000,224.99,LEAVE_UNRESOLVED,,,,no_unique_exact_catalog_identity,No qualifying unique canonical identity.
0||TIP|,Tip,,true,19,7.0000,35.00,EXCLUDE,,,,owner_approved_non_merchandise_exclusion,Excluded from canonical beverage sales.
0||UNCLE NEAREST 1856|750ML,Uncle Nearest 1856,750ML,true,2,2.0000,119.98,LEAVE_UNRESOLVED,,,,no_unique_exact_catalog_identity,No qualifying unique canonical identity.
0||UNCLE NEAREST 1884|750ML,Uncle Nearest 1884,750ML,true,2,2.0000,89.98,LEAVE_UNRESOLVED,,,,no_unique_exact_catalog_identity,No qualifying unique canonical identity.
0||VALPOLICELLA|,Valpolicella,,true,1,24.0000,326.16,LEAVE_UNRESOLVED,,,,no_unique_exact_catalog_identity,No qualifying unique canonical identity.
0||VIRGEN RED BLEND|,Virgen red blend,,true,2,3.0000,38.97,LEAVE_UNRESOLVED,,,,no_unique_exact_catalog_identity,No qualifying unique canonical identity.
0||WILD TURKEY MASTER S KEEP BEACON BOURBON|750ML,Wild Turkey Master's Keep Beacon Bourbon,750ML,true,3,10.0000,2990.00,LEAVE_UNRESOLVED,,,,no_unique_exact_catalog_identity,No qualifying unique canonical identity.
0||YELLOW TAIL RIESLING|1.5L,Yellow Tail Riesling,1.5L,true,11,12.0000,155.88,LEAVE_UNRESOLVED,,,,no_unique_exact_catalog_identity,No qualifying unique canonical identity.
0||YELLOW TAIL RIESLING|750ML,Yellow Tail Riesling,750ML,true,10,12.0000,82.54,LEAVE_UNRESOLVED,,,,no_unique_exact_catalog_identity,No qualifying unique canonical identity.
41154906423371|3012511|BELVEDERE ORGANIC VODKA|750ML,Belvedere Organic Vodka,750ML,true,2,2.0000,77.98,LEAVE_UNRESOLVED,,,,no_unique_exact_catalog_identity,No qualifying unique canonical identity.
41154951118923||PEYCHAUD S AROMATIC COCKTAIL BITTERS|5OZ,Peychaud's Aromatic Cocktail Bitters,5oz,true,3,3.0000,20.24,LEAVE_UNRESOLVED,,,,no_unique_exact_catalog_identity,No qualifying unique canonical identity.
41154951151691||REGAN S NO. 6 ORANGE BITTERS|5OZ,Regan's No. 6 Orange Bitters,5oz,true,12,12.0000,95.88,LEAVE_UNRESOLVED,,,,no_unique_exact_catalog_identity,No qualifying unique canonical identity.
41154954723403|19116|A AND J CHARDONNAY|750ML,A&J Chardonnay,750ML,true,12,12.0000,67.41,LEAVE_UNRESOLVED,,,,no_unique_exact_catalog_identity,No qualifying unique canonical identity.
41154955345995|2155|BRILLA PROSECCO EXTRA DRY|200ML,Brilla Prosecco Extra Dry,200ML,true,6,10.0000,59.90,LEAVE_UNRESOLVED,,,,no_unique_exact_catalog_identity,No qualifying unique canonical identity.
41154955378763|2123|BRILLA PROSECCO EXTRA DRY|1.5L,Brilla Prosecco Extra Dry,1.5L,true,7,11.0000,274.89,LEAVE_UNRESOLVED,,,,no_unique_exact_catalog_identity,No qualifying unique canonical identity.
41154955444299|2156|BRILLA PROSECCO ROSE EXTRA DRY|200ML,Brilla Prosecco Rose Extra Dry,200ML,true,11,22.0000,131.78,LEAVE_UNRESOLVED,,,,no_unique_exact_catalog_identity,No qualifying unique canonical identity.
41154955477067|2121|BRILLA PROSECCO ROSE EXTRA DRY|1.5L,Brilla Prosecco Rose Extra Dry,1.5L,true,3,3.0000,74.97,LEAVE_UNRESOLVED,,,,no_unique_exact_catalog_identity,No qualifying unique canonical identity.
41154971304011|153033|WINDSOR BLENDED|1.75L,Windsor Blended,1.75L,true,6,6.0000,119.94,LEAVE_UNRESOLVED,,,,no_unique_exact_catalog_identity,No qualifying unique canonical identity.
41156900651083||DIO GRAPEFRUIT BASIL PALOMA|200ML,DIO Grapefruit Basil Paloma,200ML,true,14,13.0000,272.87,LEAVE_UNRESOLVED,,,,no_unique_exact_catalog_identity,No qualifying unique canonical identity.
41156902355019||MINUTE MAID SPIKED PINA COLADA|200ML,Minute Maid Spiked Pina Colada,200ML,true,5,5.0000,49.95,LEAVE_UNRESOLVED,,,,no_unique_exact_catalog_identity,No qualifying unique canonical identity.
41156902387787||MINUTE MAID SPIKED STRAWBERRY DAIQUIRI|200ML,Minute Maid Spiked Strawberry Daiquiri,200ML,true,11,12.0000,119.88,LEAVE_UNRESOLVED,,,,no_unique_exact_catalog_identity,No qualifying unique canonical identity.
41157195857995||ABSOLUT MANDRIN|1L,Absolut Mandrin,1L,true,6,6.0000,143.94,LEAVE_UNRESOLVED,,,,no_unique_exact_catalog_identity,No qualifying unique canonical identity.
41157195989067||ABSOLUT VODKA|1.75L,Absolut Vodka,1.75L,true,21,21.0000,734.79,LEAVE_UNRESOLVED,,,,no_unique_exact_catalog_identity,No qualifying unique canonical identity.
41157203722315||DON JULIO BLANCO|50ML,Don Julio Blanco,50ML,true,1,1.0000,5.99,LEAVE_UNRESOLVED,,,,no_unique_exact_catalog_identity,No qualifying unique canonical identity.
41157206442059||JAGERMEISTER|100ML,Jagermeister,100ML,true,9,12.0000,54.89,LEAVE_UNRESOLVED,,,,no_unique_exact_catalog_identity,No qualifying unique canonical identity.
41157209096267||KNOB CREEK KENTUCKY STRAIGHT BOURBON|1.75L,Knob Creek Kentucky Straight Bourbon,1.75L,true,3,3.0000,209.97,LEAVE_UNRESOLVED,,,,no_unique_exact_catalog_identity,No qualifying unique canonical identity.
41157209194571||LOYAL 9 COCKTAILS CLASSIC LEMONADE|12OZ,Loyal 9 Cocktails Classic Lemonade,12oz,true,11,11.0000,142.89,LEAVE_UNRESOLVED,,,,no_unique_exact_catalog_identity,No qualifying unique canonical identity.
41157209227339||LOYAL 9 COCKTAILS LEMONADE ICED TEA|12OZ,Loyal 9 Cocktails Lemonade + Iced Tea,12oz,true,3,3.0000,38.97,LEAVE_UNRESOLVED,,,,no_unique_exact_catalog_identity,No qualifying unique canonical identity.
41157209260107||LOYAL 9 MIXED BERRY LEMONADE|12OZ,Loyal 9 Mixed Berry Lemonade,12oz,true,1,1.0000,12.99,LEAVE_UNRESOLVED,,,,no_unique_exact_catalog_identity,No qualifying unique canonical identity.
41157209292875||LOYAL 9 WATERMELON LEMONADE|12OZ,Loyal 9 Watermelon Lemonade,12oz,true,15,15.0000,194.85,LEAVE_UNRESOLVED,,,,no_unique_exact_catalog_identity,No qualifying unique canonical identity.
41157214175307||WILD TURKEY AMERICAN HONEY LIQUEUR|1L,Wild Turkey American Honey Liqueur,1L,true,7,7.0000,209.93,LEAVE_UNRESOLVED,,,,no_unique_exact_catalog_identity,No qualifying unique canonical identity.
41157215158347||YELLOW TAIL MOSCATO|1.5L,Yellow Tail Moscato,1.5L,true,6,6.0000,76.65,LEAVE_UNRESOLVED,,,,no_unique_exact_catalog_identity,No qualifying unique canonical identity.
41157273681995|9044469|ARBOR MIST BLACKBERRY MERLOT|1.5L,Arbor Mist Blackberry Merlot,1.5L,true,6,6.0000,59.94,LEAVE_UNRESOLVED,,,,no_unique_exact_catalog_identity,No qualifying unique canonical identity.
41157277712459|3010442|HIGH NOON HARD SELTZER PEACH|700ML,High Noon Hard Seltzer Peach,700ML,true,10,12.0000,71.28,LEAVE_UNRESOLVED,,,,no_unique_exact_catalog_identity,No qualifying unique canonical identity.
41157277777995|3010441|HIGH NOON HARD SELTZER PINEAPPLE|700ML,High Noon Hard Seltzer Pineapple,700ML,true,12,12.0000,71.88,LEAVE_UNRESOLVED,,,,no_unique_exact_catalog_identity,No qualifying unique canonical identity.
41157284692043||HIGH NOON VODKA SELTZER VARIETY 8 PACK|12OZ,High Noon Vodka Seltzer Variety 8 Pack,12oz,true,31,43.0000,945.57,MAP,41716810481739,High Noon Variety 8 Pack,8pk-12oz Cans,owner_explicit_live_shopify_verified,Owner-explicit Phase 4 mapping; canonical target re-verified in live Shopify on 2026-08-20.
41157547819083|9039321|1800 TEQUILA BLANCO|1.75L,1800 Tequila Blanco,1.75L,true,6,6.0000,323.94,LEAVE_UNRESOLVED,,,,no_unique_exact_catalog_identity,No qualifying unique canonical identity.
41157553651787|9256193|DISARONNO ORIGINALE|1L,Disaronno Originale,1L,true,3,3.0000,125.97,LEAVE_UNRESOLVED,,,,no_unique_exact_catalog_identity,No qualifying unique canonical identity.
41157554143307|3004875|FIVE FARMS IRISH CREAM|50ML,Five Farms Irish Cream,50ML,true,8,9.0000,26.91,LEAVE_UNRESOLVED,,,,no_unique_exact_catalog_identity,No qualifying unique canonical identity.
41157555552331|9001723|HENDRICK S GIN|1L,Hendrick's Gin,1L,true,7,7.0000,328.93,LEAVE_UNRESOLVED,,,,no_unique_exact_catalog_identity,No qualifying unique canonical identity.
41157558698059|9044729|MR. BOSTON VODKA 100 PROOF|200ML,Mr. Boston Vodka 100 Proof,200ML,true,7,7.0000,20.93,LEAVE_UNRESOLVED,,,,no_unique_exact_catalog_identity,No qualifying unique canonical identity.
41157560664139|3003394|SHADES OF BLUE RIESLING|750ML,Shades of Blue Riesling,750ML,true,5,5.0000,49.95,LEAVE_UNRESOLVED,,,,no_unique_exact_catalog_identity,No qualifying unique canonical identity.
41157562597451|3008714|WHEATLEY HANDCRAFTED VODKA|50ML,Wheatley Handcrafted Vodka,50ML,true,8,22.0000,21.78,LEAVE_UNRESOLVED,,,,no_unique_exact_catalog_identity,No qualifying unique canonical identity.
41157727813707|1230341|FAIRBANKS SHERRY|750ML,Fairbanks Sherry,750ML,true,3,3.0000,23.97,LEAVE_UNRESOLVED,,,,no_unique_exact_catalog_identity,No qualifying unique canonical identity.
41157730697291|3008870|SHANKY S WHIP BLACK SMOOTH IRISH LIQUEUR|750ML,Shanky's Whip Black Smooth Irish Liqueur,750ML,true,1,1.0000,26.99,LEAVE_UNRESOLVED,,,,no_unique_exact_catalog_identity,No qualifying unique canonical identity.
41157731713099|3001837|STOLICHNAYA VODKA|200ML,Stolichnaya Vodka,200ML,true,6,6.0000,59.94,LEAVE_UNRESOLVED,,,,no_unique_exact_catalog_identity,No qualifying unique canonical identity.
41157732171851|3003094|ZONIN WINEMAKER S COLLECTION CHIANTI DOCG|1.5L,Zonin Winemaker's Collection Chianti DOCG,1.5L,true,9,12.0000,143.88,LEAVE_UNRESOLVED,,,,no_unique_exact_catalog_identity,No qualifying unique canonical identity.
41157779554379||CUTWATER BALI HAI TIKI RUM PUNCH|12OZ,Cutwater Bali Hai Tiki Rum Punch,12oz,true,16,21.0000,272.79,LEAVE_UNRESOLVED,,,,no_unique_exact_catalog_identity,No qualifying unique canonical identity.
41157779718219||CUTWATER LIME TEQUILA MARGARITA|12OZ,Cutwater Lime Tequila Margarita,12oz,true,50,62.0000,801.51,MAP,41716813856843,Cutwater Lime Tequila Margarita,4pk-12oz Cans,owner_explicit_live_shopify_verified,Owner-explicit Phase 4 mapping; canonical target re-verified in live Shopify on 2026-08-20.
41157779816523||DEEP EDDY VODKA TEA VARIETY PACK|6 PACK,Deep Eddy Vodka + Tea Variety Pack,6 Pack,true,3,3.0000,53.97,LEAVE_UNRESOLVED,,,,no_unique_exact_catalog_identity,No qualifying unique canonical identity.
41157779980363||CUTWATER VODKA MULE|12OZ,Cutwater Vodka Mule,12oz,true,27,32.0000,414.39,MAP,41716813791307,Cutwater Vodka Mule,4pk-12oz Cans,owner_explicit_live_shopify_verified,Owner-explicit Phase 4 mapping; canonical target re-verified in live Shopify on 2026-08-20.
41157780013131||NUTRL CRANBERRY VARIETY 8 PACK|8 PACK,NUTRL Cranberry Variety 8 Pack,8 Pack,true,5,5.0000,97.96,MAP,41716813693003,NUTRL Cranberry Variety 8 Pack,8pk-12oz Cans,owner_explicit_live_shopify_verified,Owner-explicit Phase 4 mapping; canonical target re-verified in live Shopify on 2026-08-20.
41157780013131||NUTRL CRANBERRY VARIETY PACK|8 PACK,NUTRL Cranberry Variety Pack,8 Pack,true,11,12.0000,239.88,MAP,41716813693003,NUTRL Cranberry Variety 8 Pack,8pk-12oz Cans,owner_explicit_live_shopify_verified,Owner-explicit Phase 4 mapping; canonical target re-verified in live Shopify on 2026-08-20.
41157780045899||NUTRL LEMONADE VARIETY 8 PACK|8 PACK,NUTRL Lemonade Variety 8 Pack,8 Pack,true,6,7.0000,139.93,MAP,41716813660235,NUTRL Lemonade Variety 8 Pack,8pk-12oz Cans,owner_explicit_live_shopify_verified,Owner-explicit Phase 4 mapping; canonical target re-verified in live Shopify on 2026-08-20.
41157780045899||NUTRL LEMONADE VARIETY PACK|8 PACK,NUTRL Lemonade Variety Pack,8 Pack,true,2,2.0000,39.98,MAP,41716813660235,NUTRL Lemonade Variety 8 Pack,8pk-12oz Cans,owner_explicit_live_shopify_verified,Owner-explicit Phase 4 mapping; canonical target re-verified in live Shopify on 2026-08-20.
41157780111435||NUTRL FRUIT VARIETY 12 PACK|12 OZ,NUTRL Fruit Variety 12 Pack,12 Oz,true,12,13.0000,383.88,MAP,41716813627467,NUTRL Fruit Variety Pack,12pk-12oz Cans,owner_approved_nutrl_exception,Explicit 8-pack-to-12-pack identity exception.
41157780111435||NUTRL FRUIT VARIETY 12 PACK|8 PACK,NUTRL Fruit Variety 12 Pack,8 Pack,true,6,6.0000,173.94,MAP,41716813627467,NUTRL Fruit Variety Pack,12pk-12oz Cans,owner_approved_nutrl_exception,Explicit 8-pack-to-12-pack identity exception.
41157780111435||NUTRL FRUIT VARIETY PACK|8 PACK,NUTRL Fruit Variety Pack,8 Pack,true,6,6.0000,119.94,MAP,41716813627467,NUTRL Fruit Variety Pack,12pk-12oz Cans,owner_approved_nutrl_exception,Explicit 8-pack-to-12-pack identity exception.
41157780144203||SANDBAGGER VODKA TRANSFUSION|12OZ,Sandbagger Vodka Transfusion,12oz,true,14,19.0000,185.89,MAP,41716813561931,Sandbagger Vodka Transfusion,4pk-12oz Cans,owner_explicit_live_shopify_verified,Owner-explicit Phase 4 mapping; canonical target re-verified in live Shopify on 2026-08-20.
41157780209739||JACK DANIEL S OLD NO. 7 TENNESSEE WHISKEY AND GINGER|12OZ,Jack Daniel's Old No. 7 Tennessee Whiskey & Ginger,12oz,true,5,6.0000,75.36,LEAVE_UNRESOLVED,,,,no_unique_exact_catalog_identity,No qualifying unique canonical identity.
41163905400907||HIGH NOON HARD SELTZER WATERMELON|12OZ,High Noon Hard Seltzer Watermelon,12oz,true,47,64.0000,703.36,MAP,41716809597003,High Noon Watermelon,4pk-12oz Cans,owner_explicit_live_shopify_verified,Owner-explicit Phase 4 mapping; canonical target re-verified in live Shopify on 2026-08-20.
41173357133899||BUFFALO HOUSE GIFT CARD|10.00,Buffalo House Gift Card,$10.00,false,1,0.0000,0.00,EXCLUDE,,,,owner_approved_non_merchandise_exclusion,Excluded from canonical beverage sales.
41173654536267||GIFT BAG|WHITE,Gift Bag,White,true,2,4.0000,7.96,LEAVE_UNRESOLVED,,,,no_unique_exact_catalog_identity,No qualifying unique canonical identity.
41177526403147|576451|CHIVAS REGAL BLENDED SCOTCH 12 YR|750ML,CHIVAS REGAL BLENDED SCOTCH 12 YR,750ML,true,2,2.0000,71.98,LEAVE_UNRESOLVED,,,,no_unique_exact_catalog_identity,No qualifying unique canonical identity.
41178335281227|9000474|POPOV VODKA|1.5L,POPOV VODKA,1.5L,true,11,13.0000,220.87,LEAVE_UNRESOLVED,,,,no_unique_exact_catalog_identity,No qualifying unique canonical identity.
41178335281227|9000474|POPOV VODKA|1.75L,POPOV VODKA,1.75L,true,11,11.0000,186.89,LEAVE_UNRESOLVED,,,,no_unique_exact_catalog_identity,No qualifying unique canonical identity.
41181949263947||TANQUERAY LONDON DRY GIN|750ML,TANQUERAY LONDON DRY GIN,750ML,true,2,2.0000,65.98,LEAVE_UNRESOLVED,,,,no_unique_exact_catalog_identity,No qualifying unique canonical identity.
41184285917259||BEEFEATER LONDON DRY GIN|750ML,BEEFEATER LONDON DRY GIN,750ML,true,2,2.0000,53.98,LEAVE_UNRESOLVED,,,,no_unique_exact_catalog_identity,No qualifying unique canonical identity.
41184296173643||PINNACLE VODKA|1.5L,PINNACLE VODKA,1.5L,true,10,11.0000,241.89,LEAVE_UNRESOLVED,,,,no_unique_exact_catalog_identity,No qualifying unique canonical identity.
41193768714315||APEROL APERITIVO|1L,Aperol Aperitivo,1L,true,1,1.0000,32.99,LEAVE_UNRESOLVED,,,,no_unique_exact_catalog_identity,No qualifying unique canonical identity.
41275354349643||DEEP EDDY PINEAPPLE|750ML,Deep Eddy Pineapple,750ML,true,11,12.0000,239.88,LEAVE_UNRESOLVED,,,,no_unique_exact_catalog_identity,No qualifying unique canonical identity.
41275359133771||HIGH NOON HARD SELTZER PEAR|12OZ,High Noon Hard Seltzer Pear,12oz,true,49,64.0000,701.37,MAP,41716809498699,High Noon Pear,4pk-12oz Cans,owner_explicit_live_shopify_verified,Owner-explicit Phase 4 mapping; canonical target re-verified in live Shopify on 2026-08-20.
41275363131467||HIGH NOON HARD SELTZER CRANBERRY|12OZ,High Noon Hard Seltzer Cranberry,12oz,true,33,38.0000,417.62,MAP,41716809465931,High Noon Cranberry,4pk-12oz Cans,owner_explicit_live_shopify_verified,Owner-explicit Phase 4 mapping; canonical target re-verified in live Shopify on 2026-08-20.
41318364053579||BEEFEATER LONDON DRY GIN|750ML,Beefeater London Dry Gin,750ML,true,9,10.0000,269.90,LEAVE_UNRESOLVED,,,,no_unique_exact_catalog_identity,No qualifying unique canonical identity.
41318364348491||TANQUERAY LONDON DRY GIN|750ML,TANQUERAY LONDON DRY GIN,750ML,true,22,22.0000,725.78,LEAVE_UNRESOLVED,,,,no_unique_exact_catalog_identity,No qualifying unique canonical identity.
41318365003851|576451|CHIVAS REGAL BLENDED SCOTCH 12 YR|750ML,Chivas Regal Blended Scotch 12 YR,750ML,true,9,10.0000,359.90,LEAVE_UNRESOLVED,,,,no_unique_exact_catalog_identity,No qualifying unique canonical identity.
41318365790283|3001837|STOLICHNAYA VODKA|200ML,Stolichnaya Vodka,200ML,true,18,18.0000,179.82,LEAVE_UNRESOLVED,,,,no_unique_exact_catalog_identity,No qualifying unique canonical identity.
41318366380107|3008870|SHANKY S WHIP BLACK SMOOTH IRISH LIQUEUR|750ML,Shanky's Whip Black Smooth Irish Liqueur,750ML,true,5,5.0000,134.95,LEAVE_UNRESOLVED,,,,no_unique_exact_catalog_identity,No qualifying unique canonical identity.
41318366969931|9012114|FAIRBANKS WHITE PORT|3L,Fairbanks White Port,3L,true,4,4.0000,92.48,LEAVE_UNRESOLVED,,,,no_unique_exact_catalog_identity,No qualifying unique canonical identity.
41318367035467|1230341|FAIRBANKS SHERRY|750ML,Fairbanks Sherry,750ML,true,9,9.0000,71.91,LEAVE_UNRESOLVED,,,,no_unique_exact_catalog_identity,No qualifying unique canonical identity.
41318367985739|3003394|SHADES OF BLUE RIESLING|750ML,Shades of Blue Riesling,750ML,true,23,31.0000,306.71,LEAVE_UNRESOLVED,,,,no_unique_exact_catalog_identity,No qualifying unique canonical identity.
41318368772171|9044729|MR. BOSTON VODKA 100 PROOF|200ML,Mr. Boston Vodka 100 Proof,200ML,true,37,40.0000,130.00,LEAVE_UNRESOLVED,,,,no_unique_exact_catalog_identity,No qualifying unique canonical identity.
41318369853515|9001723|HENDRICK S GIN|1L,Hendrick's Gin,1L,true,25,26.0000,1221.74,LEAVE_UNRESOLVED,,,,no_unique_exact_catalog_identity,No qualifying unique canonical identity.
41318370148427|3004875|FIVE FARMS IRISH CREAM|50ML,Five Farms Irish Cream,50ML,true,9,11.0000,32.30,LEAVE_UNRESOLVED,,,,no_unique_exact_catalog_identity,No qualifying unique canonical identity.
41318370443339|9256193|DISARONNO ORIGINALE|1L,Disaronno Originale,1L,true,7,7.0000,280.56,LEAVE_UNRESOLVED,,,,no_unique_exact_catalog_identity,No qualifying unique canonical identity.
41318377291851||WILD TURKEY AMERICAN HONEY LIQUEUR|1L,Wild Turkey American Honey Liqueur,1L,true,4,5.0000,149.95,LEAVE_UNRESOLVED,,,,no_unique_exact_catalog_identity,No qualifying unique canonical identity.
41318388498507|2156|BRILLA PROSECCO ROSE EXTRA DRY|200ML,Brilla Prosecco Rose Extra Dry,200ML,true,19,24.0000,143.76,LEAVE_UNRESOLVED,,,,no_unique_exact_catalog_identity,No qualifying unique canonical identity.
41318388531275|2121|BRILLA PROSECCO ROSE EXTRA DRY|1.5L,Brilla Prosecco Rose Extra Dry,1.5L,true,8,9.0000,224.91,LEAVE_UNRESOLVED,,,,no_unique_exact_catalog_identity,No qualifying unique canonical identity.
41318388564043|2155|BRILLA PROSECCO EXTRA DRY|200ML,Brilla Prosecco Extra Dry,200ML,true,17,38.0000,227.62,LEAVE_UNRESOLVED,,,,no_unique_exact_catalog_identity,No qualifying unique canonical identity.
41318388596811|2123|BRILLA PROSECCO EXTRA DRY|1.5L,Brilla Prosecco Extra Dry,1.5L,true,10,13.0000,324.87,LEAVE_UNRESOLVED,,,,no_unique_exact_catalog_identity,No qualifying unique canonical identity.
41318388924491||PEYCHAUD S AROMATIC COCKTAIL BITTERS|5OZ,Peychaud's Aromatic Cocktail Bitters,5oz,true,9,9.0000,62.91,LEAVE_UNRESOLVED,,,,no_unique_exact_catalog_identity,No qualifying unique canonical identity.
41318389317707|3012511|BELVEDERE ORGANIC VODKA|750ML,Belvedere Organic Vodka,750ML,true,4,4.0000,155.96,LEAVE_UNRESOLVED,,,,no_unique_exact_catalog_identity,No qualifying unique canonical identity.
41318440435787||CUTWATER LEMON DROP MARTINI|12OZ,Cutwater Lemon Drop Martini,12oz,true,62,72.0000,933.99,MAP,41716809302091,Cutwater Lemon Drop Martini,4pk-12oz Cans,owner_explicit_live_shopify_verified,Owner-explicit Phase 4 mapping; canonical target re-verified in live Shopify on 2026-08-20.
41392219553867||HIGH NOON HARD SELTZER KIWI|12OZ,High Noon Hard Seltzer Kiwi,12oz,true,19,37.0000,406.63,MAP,41716809269323,High Noon Kiwi,4pk-12oz Cans,owner_explicit_live_shopify_verified,Owner-explicit Phase 4 mapping; canonical target re-verified in live Shopify on 2026-08-20.
41432880808011||LUCKY ONE VODKA LEMONADE 8 PACK|12OZ,Lucky One Vodka Lemonade 8 Pack,12oz,true,35,61.0000,1324.38,MAP,41716809236555,Lucky One Vodka Lemonade 8 Pack,8pk-12oz Cans,owner_explicit_live_shopify_verified,Owner-explicit Phase 4 mapping; canonical target re-verified in live Shopify on 2026-08-20.
41449176858699||HIGH NOON BEACH VARITY 12 PACK|12OZ,High Noon Beach Varity 12 Pack,12oz,true,42,77.0000,2297.46,MAP,41716809203787,High Noon Beach Variety,12pk-12oz Cans,owner_explicit_live_shopify_verified,Owner-explicit Phase 4 mapping; canonical target re-verified in live Shopify on 2026-08-20.
41451425103947||CUTWATER TEQUILA GRAPEFRUIT PALOMA|12OZ,Cutwater Tequila Grapefruit Paloma,12oz,true,23,28.0000,363.72,MAP,41716809105483,Cutwater Tequila Grapefruit Paloma,4pk-12oz Cans,owner_explicit_live_shopify_verified,Owner-explicit Phase 4 mapping; canonical target re-verified in live Shopify on 2026-08-20.
41458935857227||SURFSIDE GREEN TEA AND VODKA VARIETY|355ML,Surfside Green Tea & Vodka Variety,355ML,true,42,59.0000,1177.40,MAP,41716809072715,Surfside Green Tea & Vodka Variety,8pk-12oz Cans,owner_explicit_live_shopify_verified,Owner-explicit Phase 4 mapping; canonical target re-verified in live Shopify on 2026-08-20.
41536067764299||ON THE ROCKS SPARKLING LIME MARGARITA 4 PACK|12OZ,On The Rocks Sparkling Lime Margarita 4 Pack,12oz,true,4,4.0000,58.96,LEAVE_UNRESOLVED,,,,no_unique_exact_catalog_identity,No qualifying unique canonical identity.
41536079626315||ON THE ROCKS MANGO MINT MOJITO 4 PACK|12OZ,On The Rocks Mango Mint Mojito 4 Pack,12oz,true,6,6.0000,95.94,LEAVE_UNRESOLVED,,,,no_unique_exact_catalog_identity,No qualifying unique canonical identity.
41536084607051||ON THE ROCKS SPARKLING CUCUMBER AND LEMONGRASS MULE 4 PACK|12OZ,On The Rocks Sparkling Cucumber & Lemongrass Mule 4 Pack,12oz,true,2,2.0000,31.98,LEAVE_UNRESOLVED,,,,no_unique_exact_catalog_identity,No qualifying unique canonical identity.
41574148538443||HARTMAN S SELTZER CUCUMBER MINT 4 PACK|12OZ,Hartman's Seltzer Cucumber Mint 4 Pack,12oz,true,6,9.0000,98.91,LEAVE_UNRESOLVED,,,,no_unique_exact_catalog_identity,No qualifying unique canonical identity.
41611177099339||GOOD BOY BLACKBERRY ICED TEA AND LEMONADE|12OZ,Good Boy Blackberry Iced Tea and Lemonade,12oz,true,2,2.0000,20.98,LEAVE_UNRESOLVED,,,,no_unique_exact_catalog_identity,No qualifying unique canonical identity.
41621429125195||196 VODKA SELTZER VARIETY PACK|12OZ PACK 8,-196 Vodka Seltzer Variety Pack,12oz - Pack(8),true,1,1.0000,19.99,LEAVE_UNRESOLVED,,,,no_unique_exact_catalog_identity,No qualifying unique canonical identity.
41623316955211||TH LONG DRINK VARIETY PACK|12OZ PACK 8,Th Long Drink Variety Pack,12oz - Pack(8),true,3,3.0000,57.98,LEAVE_UNRESOLVED,,,,no_unique_exact_catalog_identity,No qualifying unique canonical identity.
41623321903179||THE LONG DRINK TRADITIONAL|12OZ PACK 6,The Long Drink Traditional,12oz - Pack(6),true,2,3.0000,44.79,LEAVE_UNRESOLVED,,,,no_unique_exact_catalog_identity,No qualifying unique canonical identity.
41623326883915||THE LONG DRINK CRANBERRY|12OZ PACK 6,The Long Drink Cranberry,12oz - Pack(6),true,2,3.0000,44.79,LEAVE_UNRESOLVED,,,,no_unique_exact_catalog_identity,No qualifying unique canonical identity.
41692784558155||SKREWBALL PEANUT BUTTER WHISKEY|1.75L,Skrewball Peanut Butter Whiskey,1.75L,true,2,3.0000,164.97,LEAVE_UNRESOLVED,,,,no_unique_exact_catalog_identity,No qualifying unique canonical identity.
41692806676555||SURFSIDE VODKA ICED TEA AND LEMONADE|12OZ PACK 4,Surfside Vodka Iced Tea & Lemonade,12oz - Pack(4),true,2,2.0000,20.98,LEAVE_UNRESOLVED,,,,no_unique_exact_catalog_identity,No qualifying unique canonical identity.
41692806742091||SURFSIDE VODKA ICED TEA|12OZ PACK 4,Surfside Vodka Iced Tea,12oz - Pack(4),true,1,2.0000,19.98,LEAVE_UNRESOLVED,,,,no_unique_exact_catalog_identity,No qualifying unique canonical identity.
41692806873163||SURFSIDE VODKA PEACH TEA|12OZ PACK 4,Surfside Vodka Peach Tea,12oz - Pack(4),true,1,1.0000,10.99,LEAVE_UNRESOLVED,,,,no_unique_exact_catalog_identity,No qualifying unique canonical identity.
41692806905931||SURFSIDE VODKA RASPBERRY TEA|12OZ PACK 4,Surfside Vodka Raspberry Tea,12oz - Pack(4),true,2,2.0000,20.98,LEAVE_UNRESOLVED,,,,no_unique_exact_catalog_identity,No qualifying unique canonical identity.
42017578483787||ZONIN WINEMAKER S COLLECTION CHIANTI DOCG|1.5L,Zonin Winemaker's Collection Chianti DOCG,1.5L,true,6,6.0000,77.94,LEAVE_UNRESOLVED,,,,no_unique_exact_catalog_identity,No qualifying unique canonical identity.
42206969036875||SURFSIDE LEMONADE VARIETY|12PK 12OZ CANS,Surfside Lemonade Variety,12pk-12oz Cans,true,2,2.0000,59.98,LEAVE_UNRESOLVED,,,,no_unique_exact_catalog_identity,No qualifying unique canonical identity.
42701584531531||OWLS BREW RUM MOJITO|4PK 12OZ,Owls Brew Rum Mojito,4PK 12OZ,true,5,7.0000,100.46,MAP,42913592377419,Owls Brew Rum Mojito,4pk-12oz Cans,unique_exact_catalog_identity,Normalized product identity and package uniquely agree.
|3012883|THREE OLIVES ESPRESSO FLAVORED VODKA|1L,Three Olives Espresso Flavored Vodka,1L,true,11,12.0000,218.88,LEAVE_UNRESOLVED,,,,no_unique_exact_catalog_identity,No qualifying unique canonical identity.
||A. SMITH BOWMAN CASK STRENGTH|750ML,A. Smith Bowman Cask Strength,750ML,true,1,1.0000,109.99,MAP,41237974417483,A. Smith Bowman Cask Strength,750ML,unique_exact_catalog_identity,Normalized product identity and package uniquely agree.
||BARKER ESPRESSO MARTINI|700ML,Barker Espresso Martini,700ML,true,6,6.0000,179.94,MAP,41679364653131,Barker Espresso Martini,700ML,unique_exact_catalog_identity,Normalized product identity and package uniquely agree.
||BIALE ROYAL PUNISHERS PETITE SIRAH|750ML,Biale Royal Punishers Petite Sirah,750ML,true,1,12.0000,719.88,MAP,41477332205643,Biale Royal Punishers Petite Sirah,750ML,unique_exact_catalog_identity,Normalized product identity and package uniquely agree.
||BUFFALO HOUSE GIFT CARD|BUFFALO HOUSE GIFT CARD,Buffalo House Gift Card,Buffalo House Gift Card,true,1,1.0000,0.00,EXCLUDE,,,,owner_approved_non_merchandise_exclusion,Excluded from canonical beverage sales.
||CASAMIGOS MARGARITA VARIETY PACK|8PK 200ML CANS,Casamigos Margarita Variety Pack,8pk-200ML Cans,true,6,6.0000,119.94,MAP,41773486342219,Casamigos Margarita Variety Pack,8pk-200ML Cans,unique_exact_catalog_identity,Normalized product identity and package uniquely agree.
||CHRISTIAN BROTHERS V.S.O.P BRANDY|750ML,Christian Brothers V.S.O.P Brandy,750ML,true,8,11.0000,142.89,MAP,41157201657931,Christian Brothers V.S.O.P Brandy,750ML,unique_exact_catalog_identity,Normalized product identity and package uniquely agree.
||COOPERSTOWN SELECT STRAIGHT BOURBON WHISKEY|750ML,Cooperstown Select Straight Bourbon Whiskey,750ML,true,6,6.0000,359.94,LEAVE_UNRESOLVED,,,,no_unique_exact_catalog_identity,No qualifying unique canonical identity.
||COPPOLA DIAMOND COLLECTION CHARDONNAY|750ML,Coppola Diamond Collection Chardonnay,750ML,true,11,12.0000,175.47,MAP,41156901535819,Coppola Diamond Collection Chardonnay,750ML,unique_exact_catalog_identity,Normalized product identity and package uniquely agree.
||CROWN ROYAL NOBLE COLLECTION BARLEY EDITION|750ML,Crown Royal Noble Collection Barley Edition,750ML,true,6,6.0000,479.94,MAP,41157202608203,Crown Royal Noble Collection Barley Edition,750ML,unique_exact_catalog_identity,Normalized product identity and package uniquely agree.
||CUSTOM SALE|,Custom sale,,true,1,2.0000,3.98,LEAVE_UNRESOLVED,,,,no_unique_exact_catalog_identity,No qualifying unique canonical identity.
||CUTWATER VODKA TRANSFUSION|12OZ,Cutwater Vodka Transfusion,12oz,true,33,37.0000,480.63,LEAVE_UNRESOLVED,,,,no_unique_exact_catalog_identity,No qualifying unique canonical identity.
||CUTWATER VODKA TRANSFUSION|4PK 12OZ CANS,Cutwater Vodka Transfusion,4pk-12oz Cans,true,13,16.0000,203.95,MAP,41716813987915,Cutwater Vodka Transfusion,4pk-12oz Cans,unique_exact_catalog_identity,Normalized product identity and package uniquely agree.
||DECANTER|,Decanter,,true,1,1.0000,19.99,LEAVE_UNRESOLVED,,,,no_unique_exact_catalog_identity,No qualifying unique canonical identity.
||DIO GRAPEFRUIT BASIL PALOMA SINGLE CAN|200ML,DIO Grapefruit Basil Paloma Single Can,200ML,true,3,4.0000,21.96,MAP,41172569292875,DIO Grapefruit Basil Paloma Single Can,200ML,unique_exact_catalog_identity,Normalized product identity and package uniquely agree.
||FOUR ROSES SMALL BATCH BOURBON GIFT PACK|750ML,Four Roses Small Batch Bourbon Gift Pack,750ML,true,5,5.0000,194.95,MAP,41156901339211,Four Roses Small Batch Bourbon Gift Pack,750ML,unique_exact_catalog_identity,Normalized product identity and package uniquely agree.
||GALLO 750S BUY 3 FOR 15|,Gallo 750s buy 3 for $15,,true,1,1.0000,15.00,LEAVE_UNRESOLVED,,,,no_unique_exact_catalog_identity,No qualifying unique canonical identity.
||HEAVEN HILL GRAIN TO GLASS KENTUCKY STRAIGHT WHEATED BOURBON|700ML,Heaven Hill Grain To Glass Kentucky Straight Wheated Bourbon,700ML,true,2,2.0000,239.98,MAP,41339109474379,Heaven Hill Grain To Glass Kentucky Straight Wheated Bourbon,700ML,unique_exact_catalog_identity,Normalized product identity and package uniquely agree.
||INDRI CASK STRENGTH SINGLE MALT INDIAN WHISKY|750ML,Indri Cask Strength Single Malt Indian Whisky,750ML,true,3,3.0000,260.97,MAP,41395427180619,Indri Cask Strength Single Malt Indian Whisky,750ML,unique_exact_catalog_identity,Normalized product identity and package uniquely agree.
||JOHNSON ESTATE MARECHAL FOCH|3L,Johnson Estate Maréchal Foch,3L,true,1,1.0000,15.99,LEAVE_UNRESOLVED,,,,no_unique_exact_catalog_identity,No qualifying unique canonical identity.
||JOHNSON ESTATE MARECHAL FOCH|750ML,Johnson Estate Maréchal Foch,750ML,true,11,11.0000,158.49,MAP,41687552589899,Johnson Estate Maréchal Foch,750ML,unique_exact_catalog_identity,Normalized product identity and package uniquely agree.
||JOSH CELLARS FAMILY RESERVE RED BLEND|750ML,Josh Cellars Family Reserve Red Blend,750ML,true,35,38.0000,789.45,MAP,41157208539211,Josh Cellars Family Reserve Red Blend,750ML,unique_exact_catalog_identity,Normalized product identity and package uniquely agree.
||KETEL ONE|,Ketel One,,true,1,1.0000,34.99,LEAVE_UNRESOLVED,,,,no_unique_exact_catalog_identity,No qualifying unique canonical identity.
||KILLR FLAVOURED WHISKEY|50ML,Killr Flavoured Whiskey,50ML,true,5,7.0000,6.93,LEAVE_UNRESOLVED,,,,no_unique_exact_catalog_identity,No qualifying unique canonical identity.
||KILLR KCK SOUR APPLE VODKA|50ML,Killr Kck Sour Apple Vodka,50ML,true,8,12.0000,11.88,MAP,41154955739211,Killr Kck Sour Apple Vodka,50ML,unique_exact_catalog_identity,Normalized product identity and package uniquely agree.
||LAGOVUVERI NERO D AVOLA|750ML,Lagovuveri Nero D'Avola,750ML,true,27,36.0000,450.58,MAP,41318440337483,Lagovuveri Nero D'Avola,750ML,unique_exact_catalog_identity,Normalized product identity and package uniquely agree.
||LAKE HOUR VARIETY PACK|8 PACK,Lake Hour Variety Pack,8 Pack,true,3,3.0000,74.97,LEAVE_UNRESOLVED,,,,no_unique_exact_catalog_identity,No qualifying unique canonical identity.
||LUC BELAIRE LUXE ROSE|750ML,Luc Belaire Luxe Rose,750ML,true,5,6.0000,179.94,MAP,41889590050891,Luc Belaire Luxe Rose,750ML,unique_exact_catalog_identity,Normalized product identity and package uniquely agree.
||LUNETTA PROSECCO|750ML,Lunetta Prosecco,750ML,true,12,25.0000,353.85,LEAVE_UNRESOLVED,,,,no_unique_exact_catalog_identity,No qualifying unique canonical identity.
||MADRE MEZCAL|750ML,Madre Mezcal,750ML,true,7,6.0000,299.94,MAP,41154951053387,Madre Mezcal,750ML,unique_exact_catalog_identity,Normalized product identity and package uniquely agree.
||MICHEL TETE BEAUJOLAIS NUVEAU|750ML,Michel Tete Beaujolais-Nuveau,750ML,true,11,12.0000,218.43,MAP,41191231848523,Michel Tete Beaujolais-Nuveau,750ML,unique_exact_catalog_identity,Normalized product identity and package uniquely agree.
||MILAM AND GREENE UNABRIDGED BLENDED BOURBON|750ML,Milam & Greene Unabridged Blended Bourbon,750ML,true,1,1.0000,99.99,MAP,41239557406795,Milam & Greene Unabridged Blended Bourbon,750ML,unique_exact_catalog_identity,Normalized product identity and package uniquely agree.
||MON FRERE VINTNER S CHARDONNAY|750ML,Mon Frere Vintner's Chardonnay,750ML,true,23,24.0000,272.88,MAP,41156902420555,Mon Frere Vintner's Chardonnay,750ML,unique_exact_catalog_identity,Normalized product identity and package uniquely agree.
||PARTY HORSES FLAVOURED WHISKEY|50ML,Party Horses Flavoured Whiskey,50ML,true,27,76.0000,75.24,MAP,41154956165195,Party Horses Flavoured Whiskey,50ML,unique_exact_catalog_identity,Normalized product identity and package uniquely agree.
||REDWOOD EMPIRE VAN DUZEN STRAIGHT RYE WHISKEY|750ML,"Redwood Empire """"Van Duzen"""" Straight Rye Whiskey",750ML,true,1,1.0000,89.99,MAP,41367659839563,"Redwood Empire """"Van Duzen"""" Straight Rye Whiskey",750ML,unique_exact_catalog_identity,Normalized product identity and package uniquely agree.
||SOUTHERN TIER DISTILLING PEANUT BUTTER CUP WHISKEY|750ML,Southern Tier Distilling Peanut Butter Cup Whiskey,750ML,true,8,8.0000,203.02,MAP,41157731156043,Southern Tier Distilling Peanut Butter Cup Whiskey,750ML,unique_exact_catalog_identity,Normalized product identity and package uniquely agree.
||TIP|,Tip,,false,3,0.0000,0.00,EXCLUDE,,,,owner_approved_non_merchandise_exclusion,Excluded from canonical beverage sales.
||WILLETT POT STILL RESERVE STRAIGHT BOURBON|750ML,Willett Pot Still Reserve Straight Bourbon,750ML,true,6,6.0000,299.94,MAP,41224455684171,Willett Pot Still Reserve Straight Bourbon,750ML,unique_exact_catalog_identity,Normalized product identity and package uniquely agree.
||WYATT EARP 13 YEAR HAZMAT EDITION BOURBON|750ML,Wyatt Earp 13 Year Hazmat Edition Bourbon,750ML,true,2,2.0000,399.98,MAP,41446027362379,Wyatt Earp 13 Year Hazmat Edition Bourbon,750ML,unique_exact_catalog_identity,Normalized product identity and package uniquely agree.
||YLLERA VERDEJO VENDIMIA NOCTURNA|750ML,Yllera Verdejo Vendimia Nocturna,750ML,true,12,12.0000,187.11,MAP,41355677827147,Yllera Verdejo Vendimia Nocturna,750ML,unique_exact_catalog_identity,Normalized product identity and package uniquely agree.
|||,,,true,132,0.0000,21.14,EXCLUDE,,,,owner_approved_non_merchandise_exclusion,Excluded from canonical beverage sales.
