price_id,offer_id,price_state,effective_month,level_type,break_qty,break_unit,case_price,unit_price,source_file,source_page,extraction_confidence,verified,notes,created_at
1,1,current,2026-08-01,BASE,1.0,BASE,177.55,29.59,Southern Glazers Price Book.pdf,231,VERIFIED,1,Current-cost validation: Exact / 1¢; closest published cost $26.39; current-minus-closest $0.00.,2026-08-07 19:21:02
2,1,current,2026-08-01,BREAK,2.0,CS,158.35,26.39,Southern Glazers Price Book.pdf,231,VERIFIED,1,Current-cost validation: Exact / 1¢; closest published cost $26.39; current-minus-closest $0.00.,2026-08-07 19:21:02
3,1,current,2026-08-01,BREAK,5.0,CS,143.95,23.99,Southern Glazers Price Book.pdf,231,VERIFIED,1,Current-cost validation: Exact / 1¢; closest published cost $26.39; current-minus-closest $0.00.,2026-08-07 19:21:02
4,1,current,2026-08-01,BREAK,7.0,CS,134.34,22.39,Southern Glazers Price Book.pdf,231,VERIFIED,1,Current-cost validation: Exact / 1¢; closest published cost $26.39; current-minus-closest $0.00.,2026-08-07 19:21:02
5,2,current,2026-08-01,BASE,1.0,BASE,254.3,21.19,Southern Glazers Price Book.pdf,231,VERIFIED,1,Current-cost validation: Exact / 1¢; closest published cost $17.20; current-minus-closest $0.00.,2026-08-07 19:21:02
6,2,current,2026-08-01,BREAK,2.0,CS,244.7,20.39,Southern Glazers Price Book.pdf,231,VERIFIED,1,Current-cost validation: Exact / 1¢; closest published cost $17.20; current-minus-closest $0.00.,2026-08-07 19:21:02
7,2,current,2026-08-01,BREAK,5.0,CS,206.35,17.2,Southern Glazers Price Book.pdf,231,VERIFIED,1,Current-cost validation: Exact / 1¢; closest published cost $17.20; current-minus-closest $0.00.,2026-08-07 19:21:02
8,3,current,2026-08-01,BASE,1.0,BASE,193.92,4.04,Southern Glazers Price Book.pdf,231,VERIFIED,1,Current-cost validation: Exact / 1¢; closest published cost $4.04; current-minus-closest $0.00.,2026-08-07 19:21:02
9,3,current,2026-08-01,BREAK,3.0,CS,179.04,3.73,Southern Glazers Price Book.pdf,231,VERIFIED,1,Current-cost validation: Exact / 1¢; closest published cost $4.04; current-minus-closest $0.00.,2026-08-07 19:21:02
10,3,current,2026-08-01,BREAK,5.0,CS,136.8,2.85,Southern Glazers Price Book.pdf,231,VERIFIED,1,Current-cost validation: Exact / 1¢; closest published cost $4.04; current-minus-closest $0.00.,2026-08-07 19:21:02
11,4,current,2026-08-01,BASE,1.0,BASE,178.9,7.45,Southern Glazers Price Book.pdf,231,VERIFIED,1,Current-cost validation: Exact / 1¢; closest published cost $6.66; current-minus-closest $0.00.,2026-08-07 19:21:02
12,4,current,2026-08-01,BREAK,3.0,CS,159.9,6.66,Southern Glazers Price Book.pdf,231,VERIFIED,1,Current-cost validation: Exact / 1¢; closest published cost $6.66; current-minus-closest $0.00.,2026-08-07 19:21:02
13,5,current,2026-08-01,BASE,1.0,BASE,90.0,0.75,Southern Glazers Price Book.pdf,231,VERIFIED,1,50ML package format chosen for standard economic schedule. User instructed us to treat 50ML as assortable. Current-cost validation: Exact / 1¢; closest published cost $0.75; current-minus-closest $0.00.,2026-08-07 19:21:02
14,5,current,2026-08-01,BREAK,5.0,CS,82.8,0.69,Southern Glazers Price Book.pdf,231,VERIFIED,1,50ML package format chosen for standard economic schedule. User instructed us to treat 50ML as assortable. Current-cost validation: Exact / 1¢; closest published cost $0.75; current-minus-closest $0.00.,2026-08-07 19:21:02
15,5,current,2026-08-01,BREAK,20.0,CS,70.8,0.59,Southern Glazers Price Book.pdf,231,VERIFIED,1,50ML package format chosen for standard economic schedule. User instructed us to treat 50ML as assortable. Current-cost validation: Exact / 1¢; closest published cost $0.75; current-minus-closest $0.00.,2026-08-07 19:21:02
16,6,current,2026-08-01,BASE,1.0,BASE,211.1,17.59,Southern Glazers Price Book.pdf,231,VERIFIED,1,Current-cost validation: Exact / 1¢; closest published cost $13.59; current-minus-closest $0.00.,2026-08-07 19:21:02
17,6,current,2026-08-01,BREAK,2.0,CS,172.68,14.39,Southern Glazers Price Book.pdf,231,VERIFIED,1,Current-cost validation: Exact / 1¢; closest published cost $13.59; current-minus-closest $0.00.,2026-08-07 19:21:02
18,6,current,2026-08-01,BREAK,3.0,CS,163.08,13.59,Southern Glazers Price Book.pdf,231,VERIFIED,1,Current-cost validation: Exact / 1¢; closest published cost $13.59; current-minus-closest $0.00.,2026-08-07 19:21:02
19,7,current,2026-08-01,BASE,1.0,BASE,156.0,26.0,Empire August Book.pdf,142,VERIFIED,1,Current-cost validation: Exact / 1¢; closest published cost $24.00; current-minus-closest $0.00.,2026-08-07 19:21:02
20,7,current,2026-08-01,BREAK,2.0,CS,152.0,25.33,Empire August Book.pdf,142,VERIFIED,1,Current-cost validation: Exact / 1¢; closest published cost $24.00; current-minus-closest $0.00.,2026-08-07 19:21:02
21,7,current,2026-08-01,BREAK,3.0,CS,144.0,24.0,Empire August Book.pdf,142,VERIFIED,1,Current-cost validation: Exact / 1¢; closest published cost $24.00; current-minus-closest $0.00.,2026-08-07 19:21:02
22,8,current,2026-08-01,BASE,1.0,BASE,104.0,4.33,Empire August Book.pdf,142,VERIFIED,1,Current-cost validation: Exact / 1¢; closest published cost $4.33; current-minus-closest $0.00.,2026-08-07 19:21:02
23,9,current,2026-08-01,BASE,1.0,BASE,88.0,7.33,Empire August Book.pdf,142,VERIFIED,1,Current-cost validation: Exact / 1¢; closest published cost $7.33; current-minus-closest $0.00.,2026-08-07 19:21:02
24,10,current,2026-08-01,BASE,1.0,BASE,184.0,15.33,Empire August Book.pdf,142,VERIFIED,1,Current-cost validation: Exact / 1¢; closest published cost $14.00; current-minus-closest $0.00.,2026-08-07 19:21:02
25,10,current,2026-08-01,BREAK,2.0,CS,176.0,14.67,Empire August Book.pdf,142,VERIFIED,1,Current-cost validation: Exact / 1¢; closest published cost $14.00; current-minus-closest $0.00.,2026-08-07 19:21:02
26,10,current,2026-08-01,BREAK,3.0,CS,168.0,14.0,Empire August Book.pdf,142,VERIFIED,1,Current-cost validation: Exact / 1¢; closest published cost $14.00; current-minus-closest $0.00.,2026-08-07 19:21:02
27,10,current,2026-08-01,BREAK,5.0,CS,160.0,13.33,Empire August Book.pdf,142,VERIFIED,1,Current-cost validation: Exact / 1¢; closest published cost $14.00; current-minus-closest $0.00.,2026-08-07 19:21:02
28,10,current,2026-08-01,BREAK,20.0,CS,152.0,12.67,Empire August Book.pdf,142,VERIFIED,1,Current-cost validation: Exact / 1¢; closest published cost $14.00; current-minus-closest $0.00.,2026-08-07 19:21:02
29,11,current,2026-08-01,BASE,1.0,BASE,120.0,10.0,Empire August Book.pdf,125,VERIFIED,1,Current-cost validation: Exact / 1¢; closest published cost $8.67; current-minus-closest $0.00.,2026-08-07 19:21:02
30,11,current,2026-08-01,BREAK,3.0,CS,112.0,9.33,Empire August Book.pdf,125,VERIFIED,1,Current-cost validation: Exact / 1¢; closest published cost $8.67; current-minus-closest $0.00.,2026-08-07 19:21:02
31,11,current,2026-08-01,BREAK,5.0,CS,104.0,8.67,Empire August Book.pdf,125,VERIFIED,1,Current-cost validation: Exact / 1¢; closest published cost $8.67; current-minus-closest $0.00.,2026-08-07 19:21:02
32,12,current,2026-08-01,BASE,1.0,BASE,168.0,14.0,Southern Glazers Price Book.pdf,103,VERIFIED,1,Current-cost validation: Exact / 1¢; closest published cost $12.67; current-minus-closest $0.00.,2026-08-07 19:21:02
33,12,current,2026-08-01,BREAK,2.0,CS,160.0,13.33,Southern Glazers Price Book.pdf,103,VERIFIED,1,Current-cost validation: Exact / 1¢; closest published cost $12.67; current-minus-closest $0.00.,2026-08-07 19:21:02
34,12,current,2026-08-01,BREAK,5.0,CS,152.0,12.67,Southern Glazers Price Book.pdf,103,VERIFIED,1,Current-cost validation: Exact / 1¢; closest published cost $12.67; current-minus-closest $0.00.,2026-08-07 19:21:02
35,12,current,2026-08-01,BREAK,10.0,CS,144.0,12.0,Southern Glazers Price Book.pdf,103,VERIFIED,1,Current-cost validation: Exact / 1¢; closest published cost $12.67; current-minus-closest $0.00.,2026-08-07 19:21:02
36,12,current,2026-08-01,BREAK,25.0,CS,136.0,11.33,Southern Glazers Price Book.pdf,103,VERIFIED,1,Current-cost validation: Exact / 1¢; closest published cost $12.67; current-minus-closest $0.00.,2026-08-07 19:21:02
37,12,current,2026-08-01,BREAK,56.0,CS,124.0,10.33,Southern Glazers Price Book.pdf,103,VERIFIED,1,Current-cost validation: Exact / 1¢; closest published cost $12.67; current-minus-closest $0.00.,2026-08-07 19:21:02
38,13,current,2026-08-01,BASE,1.0,BASE,64.04,10.67,Empire August Book.pdf,115,VERIFIED,1,Current-cost validation: Exact / 1¢; closest published cost $6.86; current-minus-closest $0.00.,2026-08-07 19:21:02
39,13,current,2026-08-01,BREAK,2.0,CS,60.02,10.0,Empire August Book.pdf,115,VERIFIED,1,Current-cost validation: Exact / 1¢; closest published cost $6.86; current-minus-closest $0.00.,2026-08-07 19:21:02
40,13,current,2026-08-01,BREAK,3.0,CS,56.0,9.33,Empire August Book.pdf,115,VERIFIED,1,Current-cost validation: Exact / 1¢; closest published cost $6.86; current-minus-closest $0.00.,2026-08-07 19:21:02
41,13,current,2026-08-01,BREAK,5.0,CS,41.18,6.86,Empire August Book.pdf,115,VERIFIED,1,Current-cost validation: Exact / 1¢; closest published cost $6.86; current-minus-closest $0.00.,2026-08-07 19:21:02
42,13,current,2026-08-01,BREAK,12.0,CS,37.14,6.19,Empire August Book.pdf,115,VERIFIED,1,Current-cost validation: Exact / 1¢; closest published cost $6.86; current-minus-closest $0.00.,2026-08-07 19:21:02
43,14,current,2026-08-01,BASE,1.0,BASE,231.01,38.5,Southern Glazers Price Book.pdf,311,VERIFIED,1,Current-cost validation: Exact / 1¢; closest published cost $30.44; current-minus-closest $-0.01.,2026-08-07 19:21:02
44,14,current,2026-08-01,BREAK,5.0,CS,203.79,33.96,Southern Glazers Price Book.pdf,311,VERIFIED,1,Current-cost validation: Exact / 1¢; closest published cost $30.44; current-minus-closest $-0.01.,2026-08-07 19:21:02
45,14,current,2026-08-01,BREAK,10.0,CS,182.63,30.44,Southern Glazers Price Book.pdf,311,VERIFIED,1,Current-cost validation: Exact / 1¢; closest published cost $30.44; current-minus-closest $-0.01.,2026-08-07 19:21:02
46,14,current,2026-08-01,BREAK,30.0,CS,177.85,29.64,Southern Glazers Price Book.pdf,311,VERIFIED,1,Current-cost validation: Exact / 1¢; closest published cost $30.44; current-minus-closest $-0.01.,2026-08-07 19:21:02
47,15,current,2026-08-01,BASE,1.0,BASE,326.72,27.23,Southern Glazers Price Book.pdf,311,VERIFIED,1,Current-cost validation: Exact / 1¢; closest published cost $21.93; current-minus-closest $0.00.,2026-08-07 19:21:02
48,15,current,2026-08-01,BREAK,2.0,CS,297.35,24.78,Southern Glazers Price Book.pdf,311,VERIFIED,1,Current-cost validation: Exact / 1¢; closest published cost $21.93; current-minus-closest $0.00.,2026-08-07 19:21:02
49,15,current,2026-08-01,BREAK,5.0,CS,278.15,23.18,Southern Glazers Price Book.pdf,311,VERIFIED,1,Current-cost validation: Exact / 1¢; closest published cost $21.93; current-minus-closest $0.00.,2026-08-07 19:21:02
50,15,current,2026-08-01,BREAK,10.0,CS,263.15,21.93,Southern Glazers Price Book.pdf,311,VERIFIED,1,Current-cost validation: Exact / 1¢; closest published cost $21.93; current-minus-closest $0.00.,2026-08-07 19:21:02
51,16,current,2026-08-01,BASE,1.0,BASE,155.49,6.48,Southern Glazers Price Book.pdf,311,VERIFIED,1,Current-cost validation: Exact / 1¢; closest published cost $5.52; current-minus-closest $0.00.,2026-08-07 19:21:02
52,16,current,2026-08-01,BREAK,4.0,CS,132.44,5.52,Southern Glazers Price Book.pdf,311,VERIFIED,1,Current-cost validation: Exact / 1¢; closest published cost $5.52; current-minus-closest $0.00.,2026-08-07 19:21:02
53,17,current,2026-08-01,BASE,1.0,BASE,130.79,10.9,Southern Glazers Price Book.pdf,311,VERIFIED,1,Shopify current cost is $9.04 vs price-book $9.05; 1¢ variance flagged. Current-cost validation: Exact / 1¢; closest published cost $9.05; current-minus-closest $-0.01.,2026-08-07 19:21:02
54,17,current,2026-08-01,BREAK,4.0,CS,108.56,9.05,Southern Glazers Price Book.pdf,311,VERIFIED,1,Shopify current cost is $9.04 vs price-book $9.05; 1¢ variance flagged. Current-cost validation: Exact / 1¢; closest published cost $9.05; current-minus-closest $-0.01.,2026-08-07 19:21:02
55,18,current,2026-08-01,BASE,1.0,BASE,119.45,1.99,Southern Glazers Price Book.pdf,311,HIGH,1,Price book uses a packaged mini sleeve line; economics match Shopify current $1.29 cost. User instructed us to treat 50ML as assortable. Current-cost validation: Exact / 1¢; closest published cost $1.29; current-minus-closest $0.00.,2026-08-07 19:21:02
56,18,current,2026-08-01,BREAK,4.0,CS,77.62,1.29,Southern Glazers Price Book.pdf,311,HIGH,1,Price book uses a packaged mini sleeve line; economics match Shopify current $1.29 cost. User instructed us to treat 50ML as assortable. Current-cost validation: Exact / 1¢; closest published cost $1.29; current-minus-closest $0.00.,2026-08-07 19:21:02
57,19,current,2026-08-01,BASE,1.0,BASE,252.08,21.01,Southern Glazers Price Book.pdf,311,VERIFIED,1,Current-cost validation: Exact / 1¢; closest published cost $16.53; current-minus-closest $0.00.,2026-08-07 19:21:02
58,19,current,2026-08-01,BREAK,5.0,CS,198.41,16.53,Southern Glazers Price Book.pdf,311,VERIFIED,1,Current-cost validation: Exact / 1¢; closest published cost $16.53; current-minus-closest $0.00.,2026-08-07 19:21:02
59,20,current,2026-08-01,BASE,1.0,BASE,56.0,28.0,Empire August Book.pdf,77,VERIFIED,1,Current-cost validation: Exact / 1¢; closest published cost $23.00; current-minus-closest $0.00.,2026-08-07 19:21:02
60,20,current,2026-08-01,BREAK,2.0,CS,50.0,25.0,Empire August Book.pdf,77,VERIFIED,1,Current-cost validation: Exact / 1¢; closest published cost $23.00; current-minus-closest $0.00.,2026-08-07 19:21:02
61,20,current,2026-08-01,BREAK,10.0,CS,46.0,23.0,Empire August Book.pdf,77,VERIFIED,1,Current-cost validation: Exact / 1¢; closest published cost $23.00; current-minus-closest $0.00.,2026-08-07 19:21:02
62,21,current,2026-08-01,BASE,1.0,BASE,144.0,12.0,Southern Glazers Price Book.pdf,101,VERIFIED,1,Current-cost validation: Exact / 1¢; closest published cost $10.67; current-minus-closest $0.00.,2026-08-07 19:21:02
63,21,current,2026-08-01,BREAK,12.0,BT,,10.67,Southern Glazers Price Book.pdf,101,VERIFIED,1,Current-cost validation: Exact / 1¢; closest published cost $10.67; current-minus-closest $0.00.,2026-08-07 19:21:02
64,21,current,2026-08-01,BREAK,60.0,BT,,9.33,Southern Glazers Price Book.pdf,101,VERIFIED,1,Current-cost validation: Exact / 1¢; closest published cost $10.67; current-minus-closest $0.00.,2026-08-07 19:21:02
65,22,current,2026-08-01,BASE,1.0,BASE,176.0,14.67,Southern Glazers Price Book.pdf,104,VERIFIED,1,Current-cost validation: Exact / 1¢; closest published cost $13.33; current-minus-closest $0.00.,2026-08-07 19:21:02
66,22,current,2026-08-01,BREAK,3.0,CS,160.0,13.33,Southern Glazers Price Book.pdf,104,VERIFIED,1,Current-cost validation: Exact / 1¢; closest published cost $13.33; current-minus-closest $0.00.,2026-08-07 19:21:02
67,22,current,2026-08-01,BREAK,5.0,CS,152.0,12.67,Southern Glazers Price Book.pdf,104,VERIFIED,1,Current-cost validation: Exact / 1¢; closest published cost $13.33; current-minus-closest $0.00.,2026-08-07 19:21:02
68,22,current,2026-08-01,BREAK,10.0,CS,144.0,12.0,Southern Glazers Price Book.pdf,104,VERIFIED,1,Current-cost validation: Exact / 1¢; closest published cost $13.33; current-minus-closest $0.00.,2026-08-07 19:21:02
69,22,current,2026-08-01,BREAK,20.0,CS,136.0,11.33,Southern Glazers Price Book.pdf,104,VERIFIED,1,Current-cost validation: Exact / 1¢; closest published cost $13.33; current-minus-closest $0.00.,2026-08-07 19:21:02
70,22,current,2026-08-01,BREAK,28.0,CS,128.0,10.67,Southern Glazers Price Book.pdf,104,VERIFIED,1,Current-cost validation: Exact / 1¢; closest published cost $13.33; current-minus-closest $0.00.,2026-08-07 19:21:02
71,23,current,2026-08-01,BASE,1.0,BASE,66.0,22.0,Empire August Book.pdf,85,VERIFIED,1,Current-cost validation: Exact / 1¢; closest published cost $15.33; current-minus-closest $0.00.,2026-08-07 19:21:02
72,23,current,2026-08-01,BREAK,2.0,CS,51.0,17.0,Empire August Book.pdf,85,VERIFIED,1,Current-cost validation: Exact / 1¢; closest published cost $15.33; current-minus-closest $0.00.,2026-08-07 19:21:02
73,23,current,2026-08-01,BREAK,7.0,CS,46.0,15.33,Empire August Book.pdf,85,VERIFIED,1,Current-cost validation: Exact / 1¢; closest published cost $15.33; current-minus-closest $0.00.,2026-08-07 19:21:02
74,24,current,2026-08-01,BASE,1.0,BASE,40.0,3.33,Empire August Book.pdf,85,VERIFIED,1,Current-cost validation: Exact / 1¢; closest published cost $3.33; current-minus-closest $0.00.,2026-08-07 19:21:02
75,25,current,2026-08-01,BASE,1.0,BASE,112.0,9.33,Empire August Book.pdf,84,VERIFIED,1,Current-cost validation: Exact / 1¢; closest published cost $8.67; current-minus-closest $0.00.,2026-08-07 19:21:02
76,25,current,2026-08-01,BREAK,2.0,CS,104.0,8.67,Empire August Book.pdf,84,VERIFIED,1,Current-cost validation: Exact / 1¢; closest published cost $8.67; current-minus-closest $0.00.,2026-08-07 19:21:02
77,25,current,2026-08-01,BREAK,5.0,CS,96.0,8.0,Empire August Book.pdf,84,VERIFIED,1,Current-cost validation: Exact / 1¢; closest published cost $8.67; current-minus-closest $0.00.,2026-08-07 19:21:02
78,25,current,2026-08-01,BREAK,15.0,CS,88.0,7.33,Empire August Book.pdf,84,VERIFIED,1,Current-cost validation: Exact / 1¢; closest published cost $8.67; current-minus-closest $0.00.,2026-08-07 19:21:02
79,26,current,2026-08-01,BASE,1.0,BASE,152.46,25.41,Southern Glazers Price Book.pdf,298,VERIFIED,1,Current-cost validation: Exact / 1¢; closest published cost $20.83; current-minus-closest $0.00.,2026-08-07 19:21:02
80,26,current,2026-08-01,BREAK,3.0,CS,129.96,21.66,Southern Glazers Price Book.pdf,298,VERIFIED,1,Current-cost validation: Exact / 1¢; closest published cost $20.83; current-minus-closest $0.00.,2026-08-07 19:21:02
81,26,current,2026-08-01,BREAK,5.0,CS,124.98,20.83,Southern Glazers Price Book.pdf,298,VERIFIED,1,Current-cost validation: Exact / 1¢; closest published cost $20.83; current-minus-closest $0.00.,2026-08-07 19:21:02
82,26,current,2026-08-01,BREAK,10.0,CS,122.46,20.41,Southern Glazers Price Book.pdf,298,VERIFIED,1,Current-cost validation: Exact / 1¢; closest published cost $20.83; current-minus-closest $0.00.,2026-08-07 19:21:02
83,26,current,2026-08-01,BREAK,25.0,CS,119.94,19.99,Southern Glazers Price Book.pdf,298,VERIFIED,1,Current-cost validation: Exact / 1¢; closest published cost $20.83; current-minus-closest $0.00.,2026-08-07 19:21:02
84,26,current,2026-08-01,BREAK,50.0,CS,114.96,19.16,Southern Glazers Price Book.pdf,298,VERIFIED,1,Current-cost validation: Exact / 1¢; closest published cost $20.83; current-minus-closest $0.00.,2026-08-07 19:21:02
85,26,current,2026-08-01,BREAK,75.0,CS,101.94,16.99,Southern Glazers Price Book.pdf,298,VERIFIED,1,Current-cost validation: Exact / 1¢; closest published cost $20.83; current-minus-closest $0.00.,2026-08-07 19:21:02
86,27,current,2026-08-01,BASE,1.0,BASE,219.96,18.33,Southern Glazers Price Book.pdf,298,VERIFIED,1,Current-cost validation: Exact / 1¢; closest published cost $13.33; current-minus-closest $0.00.,2026-08-07 19:21:02
87,27,current,2026-08-01,BREAK,3.0,CS,189.96,15.83,Southern Glazers Price Book.pdf,298,VERIFIED,1,Current-cost validation: Exact / 1¢; closest published cost $13.33; current-minus-closest $0.00.,2026-08-07 19:21:02
88,27,current,2026-08-01,BREAK,5.0,CS,179.88,14.99,Southern Glazers Price Book.pdf,298,VERIFIED,1,Current-cost validation: Exact / 1¢; closest published cost $13.33; current-minus-closest $0.00.,2026-08-07 19:21:02
89,27,current,2026-08-01,BREAK,10.0,CS,159.96,13.33,Southern Glazers Price Book.pdf,298,VERIFIED,1,Current-cost validation: Exact / 1¢; closest published cost $13.33; current-minus-closest $0.00.,2026-08-07 19:21:02
90,28,current,2026-08-01,BASE,1.0,BASE,189.12,3.94,Southern Glazers Price Book.pdf,298,VERIFIED,1,Current-cost validation: Exact / 1¢; closest published cost $3.94; current-minus-closest $0.00.,2026-08-07 19:21:02
91,28,current,2026-08-01,BREAK,3.0,CS,176.64,3.68,Southern Glazers Price Book.pdf,298,VERIFIED,1,Current-cost validation: Exact / 1¢; closest published cost $3.94; current-minus-closest $0.00.,2026-08-07 19:21:02
92,29,current,2026-08-01,BASE,1.0,BASE,151.68,6.32,Southern Glazers Price Book.pdf,298,VERIFIED,1,Current-cost validation: Exact / 1¢; closest published cost $5.76; current-minus-closest $0.00.,2026-08-07 19:21:02
93,29,current,2026-08-01,BREAK,3.0,CS,138.24,5.76,Southern Glazers Price Book.pdf,298,VERIFIED,1,Current-cost validation: Exact / 1¢; closest published cost $5.76; current-minus-closest $0.00.,2026-08-07 19:21:02
94,30,current,2026-08-01,BASE,1.0,BASE,180.0,1.5,Southern Glazers Price Book.pdf,298,VERIFIED,1,User instructed us to treat 50ML as assortable. Current-cost validation: Exact / 1¢; closest published cost $1.00; current-minus-closest $0.00.,2026-08-07 19:21:02
95,30,current,2026-08-01,BREAK,3.0,CS,120.0,1.0,Southern Glazers Price Book.pdf,298,VERIFIED,1,User instructed us to treat 50ML as assortable. Current-cost validation: Exact / 1¢; closest published cost $1.00; current-minus-closest $0.00.,2026-08-07 19:21:02
96,31,current,2026-08-01,BASE,1.0,BASE,165.0,13.75,Southern Glazers Price Book.pdf,298,VERIFIED,1,Current-cost validation: Exact / 1¢; closest published cost $11.60; current-minus-closest $0.00.,2026-08-07 19:21:02
97,31,current,2026-08-01,BREAK,3.0,CS,144.0,12.0,Southern Glazers Price Book.pdf,298,VERIFIED,1,Current-cost validation: Exact / 1¢; closest published cost $11.60; current-minus-closest $0.00.,2026-08-07 19:21:02
98,31,current,2026-08-01,BREAK,5.0,CS,139.2,11.6,Southern Glazers Price Book.pdf,298,VERIFIED,1,Current-cost validation: Exact / 1¢; closest published cost $11.60; current-minus-closest $0.00.,2026-08-07 19:21:02
99,31,current,2026-08-01,BREAK,10.0,CS,135.0,11.25,Southern Glazers Price Book.pdf,298,VERIFIED,1,Current-cost validation: Exact / 1¢; closest published cost $11.60; current-minus-closest $0.00.,2026-08-07 19:21:02
100,32,current,2026-08-01,BASE,1.0,BASE,160.0,13.33,Southern Glazers Price Book.pdf,101,VERIFIED,1,Current-cost validation: Exact / 1¢; closest published cost $10.67; current-minus-closest $0.00.,2026-08-07 19:21:02
101,32,current,2026-08-01,BREAK,12.0,BT,,10.67,Southern Glazers Price Book.pdf,101,VERIFIED,1,Current-cost validation: Exact / 1¢; closest published cost $10.67; current-minus-closest $0.00.,2026-08-07 19:21:02
102,32,current,2026-08-01,BREAK,84.0,BT,,9.33,Southern Glazers Price Book.pdf,101,VERIFIED,1,Current-cost validation: Exact / 1¢; closest published cost $10.67; current-minus-closest $0.00.,2026-08-07 19:21:02
103,33,current,2026-08-01,BASE,1.0,BASE,168.0,14.0,Southern Glazers Price Book.pdf,101,VERIFIED,1,Current-cost validation: Exact / 1¢; closest published cost $11.33; current-minus-closest $0.00.,2026-08-07 19:21:02
104,33,current,2026-08-01,BREAK,12.0,BT,,12.0,Southern Glazers Price Book.pdf,101,VERIFIED,1,Current-cost validation: Exact / 1¢; closest published cost $11.33; current-minus-closest $0.00.,2026-08-07 19:21:02
105,33,current,2026-08-01,BREAK,36.0,BT,,11.33,Southern Glazers Price Book.pdf,101,VERIFIED,1,Current-cost validation: Exact / 1¢; closest published cost $11.33; current-minus-closest $0.00.,2026-08-07 19:21:02
106,33,current,2026-08-01,BREAK,84.0,BT,,10.67,Southern Glazers Price Book.pdf,101,VERIFIED,1,Current-cost validation: Exact / 1¢; closest published cost $11.33; current-minus-closest $0.00.,2026-08-07 19:21:02
107,33,current,2026-08-01,BREAK,336.0,BT,,10.0,Southern Glazers Price Book.pdf,101,VERIFIED,1,Current-cost validation: Exact / 1¢; closest published cost $11.33; current-minus-closest $0.00.,2026-08-07 19:21:02
108,34,current,2026-08-01,BASE,1.0,BASE,191.84,7.99,Empire August Book.pdf,120,VERIFIED,1,Price book says sizes do not assort; user instructed us to treat sizes as assortable for this working model. Current-cost validation: No exact current-tier match; closest published cost $7.99; current-minus-closest $-0.50.,2026-08-07 19:21:02
109,35,current,2026-08-01,BASE,1.0,BASE,234.0,19.5,Empire August Book.pdf,120,VERIFIED,1,Current-cost validation: Exact / 1¢; closest published cost $19.50; current-minus-closest $0.00.,2026-08-07 19:21:02
110,35,current,2026-08-01,BREAK,2.0,CS,222.0,18.5,Empire August Book.pdf,120,VERIFIED,1,Current-cost validation: Exact / 1¢; closest published cost $19.50; current-minus-closest $0.00.,2026-08-07 19:21:02
111,35,current,2026-08-01,BREAK,5.0,CS,210.0,17.5,Empire August Book.pdf,120,VERIFIED,1,Current-cost validation: Exact / 1¢; closest published cost $19.50; current-minus-closest $0.00.,2026-08-07 19:21:02
112,35,current,2026-08-01,BREAK,10.0,CS,195.0,16.25,Empire August Book.pdf,120,VERIFIED,1,Current-cost validation: Exact / 1¢; closest published cost $19.50; current-minus-closest $0.00.,2026-08-07 19:21:02
113,36,current,2026-08-01,BASE,1.0,BASE,56.0,28.0,Empire August Book.pdf,77,VERIFIED,1,Current-cost validation: Exact / 1¢; closest published cost $23.00; current-minus-closest $0.00.,2026-08-07 19:21:02
114,36,current,2026-08-01,BREAK,2.0,CS,50.0,25.0,Empire August Book.pdf,77,VERIFIED,1,Current-cost validation: Exact / 1¢; closest published cost $23.00; current-minus-closest $0.00.,2026-08-07 19:21:02
115,36,current,2026-08-01,BREAK,10.0,CS,46.0,23.0,Empire August Book.pdf,77,VERIFIED,1,Current-cost validation: Exact / 1¢; closest published cost $23.00; current-minus-closest $0.00.,2026-08-07 19:21:02
116,37,current,2026-08-01,BASE,1.0,BASE,68.0,11.33,Empire August Book.pdf,82,VERIFIED,1,Current-cost validation: Exact / 1¢; closest published cost $10.00; current-minus-closest $0.00.,2026-08-07 19:21:02
117,37,current,2026-08-01,BREAK,5.0,CS,60.0,10.0,Empire August Book.pdf,82,VERIFIED,1,Current-cost validation: Exact / 1¢; closest published cost $10.00; current-minus-closest $0.00.,2026-08-07 19:21:02
118,37,current,2026-08-01,BREAK,10.0,CS,56.0,9.33,Empire August Book.pdf,82,VERIFIED,1,Current-cost validation: Exact / 1¢; closest published cost $10.00; current-minus-closest $0.00.,2026-08-07 19:21:02
119,37,current,2026-08-01,BREAK,30.0,CS,52.0,8.67,Empire August Book.pdf,82,VERIFIED,1,Current-cost validation: Exact / 1¢; closest published cost $10.00; current-minus-closest $0.00.,2026-08-07 19:21:02
120,38,current,2026-08-01,BASE,1.0,BASE,40.0,1.6666667,Empire August Book.pdf,82,REVIEW,0,"Shopify variant is titled 187ML but current cost is $5.32, which does not match an individual 187ML bottle. Likely a multi-pack packaging mismatch; do not use this price-book unit cost until store packaging is confirmed. Current-cost validation: Manual review; closest published cost $1.67; current-minus-closest $3.65.",2026-08-07 19:21:02
121,38,current,2026-08-01,BREAK,2.0,CS,36.0,1.5,Empire August Book.pdf,82,REVIEW,0,"Shopify variant is titled 187ML but current cost is $5.32, which does not match an individual 187ML bottle. Likely a multi-pack packaging mismatch; do not use this price-book unit cost until store packaging is confirmed. Current-cost validation: Manual review; closest published cost $1.67; current-minus-closest $3.65.",2026-08-07 19:21:02
122,38,current,2026-08-01,BREAK,3.0,CS,32.0,1.3333333,Empire August Book.pdf,82,REVIEW,0,"Shopify variant is titled 187ML but current cost is $5.32, which does not match an individual 187ML bottle. Likely a multi-pack packaging mismatch; do not use this price-book unit cost until store packaging is confirmed. Current-cost validation: Manual review; closest published cost $1.67; current-minus-closest $3.65.",2026-08-07 19:21:02
123,39,current,2026-08-01,BASE,1.0,BASE,72.0,6.0,Empire August Book.pdf,82,VERIFIED,1,Current-cost validation: Exact / 1¢; closest published cost $5.33; current-minus-closest $0.00.,2026-08-07 19:21:02
124,39,current,2026-08-01,BREAK,5.0,CS,64.0,5.33,Empire August Book.pdf,82,VERIFIED,1,Current-cost validation: Exact / 1¢; closest published cost $5.33; current-minus-closest $0.00.,2026-08-07 19:21:02
125,39,current,2026-08-01,BREAK,10.0,CS,56.0,4.67,Empire August Book.pdf,82,VERIFIED,1,Current-cost validation: Exact / 1¢; closest published cost $5.33; current-minus-closest $0.00.,2026-08-07 19:21:02
126,40,current,2026-08-01,BASE,1.0,BASE,60.0,20.0,Empire August Book.pdf,77,VERIFIED,1,Shopify cost is $16.64 vs price-book normalized $16.67 at 5CS; 3¢ variance flagged. Current-cost validation: Close ≤5¢; closest published cost $16.67; current-minus-closest $-0.03.,2026-08-07 19:21:02
127,40,current,2026-08-01,BREAK,2.0,CS,54.0,18.0,Empire August Book.pdf,77,VERIFIED,1,Shopify cost is $16.64 vs price-book normalized $16.67 at 5CS; 3¢ variance flagged. Current-cost validation: Close ≤5¢; closest published cost $16.67; current-minus-closest $-0.03.,2026-08-07 19:21:02
128,40,current,2026-08-01,BREAK,5.0,CS,50.0,16.6666667,Empire August Book.pdf,77,VERIFIED,1,Shopify cost is $16.64 vs price-book normalized $16.67 at 5CS; 3¢ variance flagged. Current-cost validation: Close ≤5¢; closest published cost $16.67; current-minus-closest $-0.03.,2026-08-07 19:21:02
129,41,current,2026-08-01,BASE,1.0,BASE,168.0,14.0,Southern Glazers Price Book.pdf,101,VERIFIED,1,Current-cost validation: Exact / 1¢; closest published cost $11.33; current-minus-closest $0.00.,2026-08-07 19:21:02
130,41,current,2026-08-01,BREAK,12.0,BT,,11.33,Southern Glazers Price Book.pdf,101,VERIFIED,1,Current-cost validation: Exact / 1¢; closest published cost $11.33; current-minus-closest $0.00.,2026-08-07 19:21:02
131,41,current,2026-08-01,BREAK,60.0,BT,,10.0,Southern Glazers Price Book.pdf,101,VERIFIED,1,Current-cost validation: Exact / 1¢; closest published cost $11.33; current-minus-closest $0.00.,2026-08-07 19:21:02
132,42,current,2026-08-01,BASE,1.0,BASE,66.0,22.0,Empire August Book.pdf,85,VERIFIED,1,Current-cost validation: Exact / 1¢; closest published cost $15.33; current-minus-closest $0.00.,2026-08-07 19:21:02
133,42,current,2026-08-01,BREAK,2.0,CS,51.0,17.0,Empire August Book.pdf,85,VERIFIED,1,Current-cost validation: Exact / 1¢; closest published cost $15.33; current-minus-closest $0.00.,2026-08-07 19:21:02
134,42,current,2026-08-01,BREAK,7.0,CS,46.0,15.33,Empire August Book.pdf,85,VERIFIED,1,Current-cost validation: Exact / 1¢; closest published cost $15.33; current-minus-closest $0.00.,2026-08-07 19:21:02
135,43,current,2026-08-01,BASE,1.0,BASE,40.0,3.33,Empire August Book.pdf,85,VERIFIED,1,Current-cost validation: Exact / 1¢; closest published cost $3.33; current-minus-closest $0.00.,2026-08-07 19:21:02
136,44,current,2026-08-01,BASE,1.0,BASE,179.88,14.99,Empire August Book.pdf,120,VERIFIED,1,Current-cost validation: Exact / 1¢; closest published cost $14.99; current-minus-closest $0.00.,2026-08-07 19:21:02
137,44,current,2026-08-01,BREAK,5.0,CS,153.0,12.75,Empire August Book.pdf,120,VERIFIED,1,Current-cost validation: Exact / 1¢; closest published cost $14.99; current-minus-closest $0.00.,2026-08-07 19:21:02
138,45,current,2026-08-01,BASE,1.0,BASE,112.0,9.33,Empire August Book.pdf,112,HIGH,1,"Shopify SKU differs from current price-book code, but brand/size/current $7.69 cost align exactly to this 3CS level. Current-cost validation: Exact / 1¢; closest published cost $7.69; current-minus-closest $0.00.",2026-08-07 19:21:02
139,45,current,2026-08-01,BREAK,3.0,CS,92.32,7.69,Empire August Book.pdf,112,HIGH,1,"Shopify SKU differs from current price-book code, but brand/size/current $7.69 cost align exactly to this 3CS level. Current-cost validation: Exact / 1¢; closest published cost $7.69; current-minus-closest $0.00.",2026-08-07 19:21:02
140,46,current,2026-08-01,BASE,1.0,BASE,106.11,17.69,Southern Glazers Price Book.pdf,303,VERIFIED,1,Current-cost validation: Exact / 1¢; closest published cost $17.69; current-minus-closest $0.00.,2026-08-07 19:21:02
141,46,current,2026-08-01,BREAK,5.0,CS,101.49,16.92,Southern Glazers Price Book.pdf,303,VERIFIED,1,Current-cost validation: Exact / 1¢; closest published cost $17.69; current-minus-closest $0.00.,2026-08-07 19:21:02
142,46,current,2026-08-01,BREAK,10.0,CS,96.88,16.15,Southern Glazers Price Book.pdf,303,VERIFIED,1,Current-cost validation: Exact / 1¢; closest published cost $17.69; current-minus-closest $0.00.,2026-08-07 19:21:02
143,46,current,2026-08-01,BREAK,15.0,CS,92.28,15.38,Southern Glazers Price Book.pdf,303,VERIFIED,1,Current-cost validation: Exact / 1¢; closest published cost $17.69; current-minus-closest $0.00.,2026-08-07 19:21:02
144,46,current,2026-08-01,BREAK,30.0,CS,83.04,13.84,Southern Glazers Price Book.pdf,303,VERIFIED,1,Current-cost validation: Exact / 1¢; closest published cost $17.69; current-minus-closest $0.00.,2026-08-07 19:21:02
145,46,current,2026-08-01,BREAK,50.0,CS,78.42,13.07,Southern Glazers Price Book.pdf,303,VERIFIED,1,Current-cost validation: Exact / 1¢; closest published cost $17.69; current-minus-closest $0.00.,2026-08-07 19:21:02
146,47,current,2026-08-01,BASE,1.0,BASE,144.0,12.0,Southern Glazers Price Book.pdf,303,VERIFIED,1,Current-cost validation: Exact / 1¢; closest published cost $10.40; current-minus-closest $0.00.,2026-08-07 19:21:02
147,47,current,2026-08-01,BREAK,12.0,BT,,10.4,Southern Glazers Price Book.pdf,303,VERIFIED,1,Current-cost validation: Exact / 1¢; closest published cost $10.40; current-minus-closest $0.00.,2026-08-07 19:21:02
148,48,current,2026-08-01,BASE,1.0,BASE,134.4,5.6,Southern Glazers Price Book.pdf,303,VERIFIED,1,Current-cost validation: Exact / 1¢; closest published cost $4.99; current-minus-closest $0.00.,2026-08-07 19:21:02
149,48,current,2026-08-01,BREAK,3.0,CS,119.83,4.99,Southern Glazers Price Book.pdf,303,VERIFIED,1,Current-cost validation: Exact / 1¢; closest published cost $4.99; current-minus-closest $0.00.,2026-08-07 19:21:02
150,48,current,2026-08-01,BREAK,5.0,CS,106.56,4.44,Southern Glazers Price Book.pdf,303,VERIFIED,1,Current-cost validation: Exact / 1¢; closest published cost $4.99; current-minus-closest $0.00.,2026-08-07 19:21:02
151,49,current,2026-08-01,BASE,1.0,BASE,80.4,0.67,Southern Glazers Price Book.pdf,303,VERIFIED,1,Shopify current cost is $0.68 vs price-book base $0.67; 1¢ variance flagged. User instructed us to treat 50ML as assortable. Current-cost validation: Exact / 1¢; closest published cost $0.67; current-minus-closest $0.01.,2026-08-07 19:21:02
152,49,current,2026-08-01,BREAK,3.0,CS,70.8,0.59,Southern Glazers Price Book.pdf,303,VERIFIED,1,Shopify current cost is $0.68 vs price-book base $0.67; 1¢ variance flagged. User instructed us to treat 50ML as assortable. Current-cost validation: Exact / 1¢; closest published cost $0.67; current-minus-closest $0.01.,2026-08-07 19:21:02
153,50,current,2026-08-01,BASE,1.0,BASE,139.2,23.2,Southern Glazers Price Book.pdf,194,REVIEW,0,"Shopify variant is labeled 1.5L, but current price book standard large format is 1.75L. Shopify current $22.40 cost exactly matches the 1.75L 3CS tier. Verify bottle size label before ordering. Current-cost validation: Manual review; closest published cost $22.40; current-minus-closest $0.00.",2026-08-07 19:21:02
154,50,current,2026-08-01,BREAK,3.0,CS,134.4,22.4,Southern Glazers Price Book.pdf,194,REVIEW,0,"Shopify variant is labeled 1.5L, but current price book standard large format is 1.75L. Shopify current $22.40 cost exactly matches the 1.75L 3CS tier. Verify bottle size label before ordering. Current-cost validation: Manual review; closest published cost $22.40; current-minus-closest $0.00.",2026-08-07 19:21:02
155,50,current,2026-08-01,BREAK,10.0,CS,129.6,21.6,Southern Glazers Price Book.pdf,194,REVIEW,0,"Shopify variant is labeled 1.5L, but current price book standard large format is 1.75L. Shopify current $22.40 cost exactly matches the 1.75L 3CS tier. Verify bottle size label before ordering. Current-cost validation: Manual review; closest published cost $22.40; current-minus-closest $0.00.",2026-08-07 19:21:02
156,50,current,2026-08-01,BREAK,35.0,CS,124.8,20.8,Southern Glazers Price Book.pdf,194,REVIEW,0,"Shopify variant is labeled 1.5L, but current price book standard large format is 1.75L. Shopify current $22.40 cost exactly matches the 1.75L 3CS tier. Verify bottle size label before ordering. Current-cost validation: Manual review; closest published cost $22.40; current-minus-closest $0.00.",2026-08-07 19:21:02
157,50,current,2026-08-01,BREAK,50.0,CS,110.4,18.4,Southern Glazers Price Book.pdf,194,REVIEW,0,"Shopify variant is labeled 1.5L, but current price book standard large format is 1.75L. Shopify current $22.40 cost exactly matches the 1.75L 3CS tier. Verify bottle size label before ordering. Current-cost validation: Manual review; closest published cost $22.40; current-minus-closest $0.00.",2026-08-07 19:21:02
158,51,current,2026-08-01,BASE,1.0,BASE,172.8,14.4,Southern Glazers Price Book.pdf,194,VERIFIED,1,Current-cost validation: Exact / 1¢; closest published cost $14.40; current-minus-closest $0.00.,2026-08-07 19:21:02
159,51,current,2026-08-01,BREAK,5.0,CS,163.2,13.6,Southern Glazers Price Book.pdf,194,VERIFIED,1,Current-cost validation: Exact / 1¢; closest published cost $14.40; current-minus-closest $0.00.,2026-08-07 19:21:02
160,51,current,2026-08-01,BREAK,10.0,CS,153.6,12.8,Southern Glazers Price Book.pdf,194,VERIFIED,1,Current-cost validation: Exact / 1¢; closest published cost $14.40; current-minus-closest $0.00.,2026-08-07 19:21:02
161,52,current,2026-08-01,BASE,1.0,BASE,144.0,12.0,Southern Glazers Price Book.pdf,194,VERIFIED,1,Current-cost validation: Exact / 1¢; closest published cost $9.60; current-minus-closest $0.00.,2026-08-07 19:21:02
162,52,current,2026-08-01,BREAK,2.0,CS,124.8,10.4,Southern Glazers Price Book.pdf,194,VERIFIED,1,Current-cost validation: Exact / 1¢; closest published cost $9.60; current-minus-closest $0.00.,2026-08-07 19:21:02
163,52,current,2026-08-01,BREAK,5.0,CS,115.2,9.6,Southern Glazers Price Book.pdf,194,VERIFIED,1,Current-cost validation: Exact / 1¢; closest published cost $9.60; current-minus-closest $0.00.,2026-08-07 19:21:02
164,53,current,2026-08-01,BASE,1.0,BASE,128.0,21.33,Empire August Book.pdf,122,VERIFIED,1,Current-cost validation: Exact / 1¢; closest published cost $17.33; current-minus-closest $0.00.,2026-08-07 19:21:02
165,53,current,2026-08-01,BREAK,3.0,CS,112.0,18.67,Empire August Book.pdf,122,VERIFIED,1,Current-cost validation: Exact / 1¢; closest published cost $17.33; current-minus-closest $0.00.,2026-08-07 19:21:02
166,53,current,2026-08-01,BREAK,5.0,CS,104.0,17.33,Empire August Book.pdf,122,VERIFIED,1,Current-cost validation: Exact / 1¢; closest published cost $17.33; current-minus-closest $0.00.,2026-08-07 19:21:02
167,53,current,2026-08-01,BREAK,15.0,CS,86.0,14.33,Empire August Book.pdf,122,VERIFIED,1,Current-cost validation: Exact / 1¢; closest published cost $17.33; current-minus-closest $0.00.,2026-08-07 19:21:02
168,54,current,2026-08-01,BASE,1.0,BASE,104.0,26.0,Empire August Book.pdf,122,VERIFIED,1,Current-cost validation: Exact / 1¢; closest published cost $20.00; current-minus-closest $0.00.,2026-08-07 19:21:02
169,54,current,2026-08-01,BREAK,3.0,CS,80.0,20.0,Empire August Book.pdf,122,VERIFIED,1,Current-cost validation: Exact / 1¢; closest published cost $20.00; current-minus-closest $0.00.,2026-08-07 19:21:02
170,55,current,2026-08-01,BASE,1.0,BASE,136.0,11.33,Empire August Book.pdf,122,VERIFIED,1,Current-cost validation: Exact / 1¢; closest published cost $10.00; current-minus-closest $0.00.,2026-08-07 19:21:02
171,55,current,2026-08-01,BREAK,3.0,CS,128.0,10.67,Empire August Book.pdf,122,VERIFIED,1,Current-cost validation: Exact / 1¢; closest published cost $10.00; current-minus-closest $0.00.,2026-08-07 19:21:02
172,55,current,2026-08-01,BREAK,5.0,CS,120.0,10.0,Empire August Book.pdf,122,VERIFIED,1,Current-cost validation: Exact / 1¢; closest published cost $10.00; current-minus-closest $0.00.,2026-08-07 19:21:02
173,55,current,2026-08-01,BREAK,15.0,CS,96.0,8.0,Empire August Book.pdf,122,VERIFIED,1,Current-cost validation: Exact / 1¢; closest published cost $10.00; current-minus-closest $0.00.,2026-08-07 19:21:02
174,56,current,2026-08-01,BASE,1.0,BASE,92.0,15.33,Empire August Book.pdf,84,VERIFIED,1,Current-cost validation: Exact / 1¢; closest published cost $15.33; current-minus-closest $0.00.,2026-08-07 19:21:02
175,57,current,2026-08-01,BASE,1.0,BASE,40.0,3.33,Empire August Book.pdf,84,VERIFIED,1,Current-cost validation: Exact / 1¢; closest published cost $3.33; current-minus-closest $0.00.,2026-08-07 19:21:02
176,58,current,2026-08-01,BASE,1.0,BASE,184.0,15.33,Southern Glazers Price Book.pdf,97,HIGH,1,Generic Shopify title maps to J. Lohr Seven Oaks: 750ML and current $14.00 cost match the 3CS tier. Current-cost validation: Exact / 1¢; closest published cost $14.00; current-minus-closest $0.00.,2026-08-07 19:21:02
177,58,current,2026-08-01,BREAK,3.0,CS,168.0,14.0,Southern Glazers Price Book.pdf,97,HIGH,1,Generic Shopify title maps to J. Lohr Seven Oaks: 750ML and current $14.00 cost match the 3CS tier. Current-cost validation: Exact / 1¢; closest published cost $14.00; current-minus-closest $0.00.,2026-08-07 19:21:02
178,58,current,2026-08-01,BREAK,5.0,CS,160.0,13.33,Southern Glazers Price Book.pdf,97,HIGH,1,Generic Shopify title maps to J. Lohr Seven Oaks: 750ML and current $14.00 cost match the 3CS tier. Current-cost validation: Exact / 1¢; closest published cost $14.00; current-minus-closest $0.00.,2026-08-07 19:21:02
179,58,current,2026-08-01,BREAK,10.0,CS,152.0,12.67,Southern Glazers Price Book.pdf,97,HIGH,1,Generic Shopify title maps to J. Lohr Seven Oaks: 750ML and current $14.00 cost match the 3CS tier. Current-cost validation: Exact / 1¢; closest published cost $14.00; current-minus-closest $0.00.,2026-08-07 19:21:02
180,59,current,2026-08-01,BASE,1.0,BASE,161.94,26.99,Southern Glazers Price Book.pdf,190,VERIFIED,1,Shopify current cost $20.65 is not an exact August price-book tier; it falls between the 25CS and 50CS published costs. Current-cost validation: No exact current-tier match; closest published cost $19.99; current-minus-closest $0.66.,2026-08-07 19:21:02
181,59,current,2026-08-01,BREAK,3.0,CS,159.96,26.66,Southern Glazers Price Book.pdf,190,VERIFIED,1,Shopify current cost $20.65 is not an exact August price-book tier; it falls between the 25CS and 50CS published costs. Current-cost validation: No exact current-tier match; closest published cost $19.99; current-minus-closest $0.66.,2026-08-07 19:21:02
182,59,current,2026-08-01,BREAK,5.0,CS,152.46,25.41,Southern Glazers Price Book.pdf,190,VERIFIED,1,Shopify current cost $20.65 is not an exact August price-book tier; it falls between the 25CS and 50CS published costs. Current-cost validation: No exact current-tier match; closest published cost $19.99; current-minus-closest $0.66.,2026-08-07 19:21:02
183,59,current,2026-08-01,BREAK,10.0,CS,144.96,24.16,Southern Glazers Price Book.pdf,190,VERIFIED,1,Shopify current cost $20.65 is not an exact August price-book tier; it falls between the 25CS and 50CS published costs. Current-cost validation: No exact current-tier match; closest published cost $19.99; current-minus-closest $0.66.,2026-08-07 19:21:02
184,59,current,2026-08-01,BREAK,25.0,CS,129.96,21.66,Southern Glazers Price Book.pdf,190,VERIFIED,1,Shopify current cost $20.65 is not an exact August price-book tier; it falls between the 25CS and 50CS published costs. Current-cost validation: No exact current-tier match; closest published cost $19.99; current-minus-closest $0.66.,2026-08-07 19:21:02
185,59,current,2026-08-01,BREAK,50.0,CS,119.94,19.99,Southern Glazers Price Book.pdf,190,VERIFIED,1,Shopify current cost $20.65 is not an exact August price-book tier; it falls between the 25CS and 50CS published costs. Current-cost validation: No exact current-tier match; closest published cost $19.99; current-minus-closest $0.66.,2026-08-07 19:21:02
186,59,current,2026-08-01,BREAK,75.0,CS,104.94,17.49,Southern Glazers Price Book.pdf,190,VERIFIED,1,Shopify current cost $20.65 is not an exact August price-book tier; it falls between the 25CS and 50CS published costs. Current-cost validation: No exact current-tier match; closest published cost $19.99; current-minus-closest $0.66.,2026-08-07 19:21:02
187,60,current,2026-08-01,BASE,1.0,BASE,47.96,2.0,Southern Glazers Price Book.pdf,190,VERIFIED,1,User instructed us to treat 100ML as assortable. Current-cost validation: Exact / 1¢; closest published cost $2.00; current-minus-closest $0.00.,2026-08-07 19:21:02
188,61,current,2026-08-01,BASE,1.0,BASE,97.6,4.07,Southern Glazers Price Book.pdf,190,VERIFIED,1,Current-cost validation: Exact / 1¢; closest published cost $3.78; current-minus-closest $0.00.,2026-08-07 19:21:02
189,61,current,2026-08-01,BREAK,3.0,CS,90.64,3.78,Southern Glazers Price Book.pdf,190,VERIFIED,1,Current-cost validation: Exact / 1¢; closest published cost $3.78; current-minus-closest $0.00.,2026-08-07 19:21:02
190,61,current,2026-08-01,BREAK,5.0,CS,87.04,3.63,Southern Glazers Price Book.pdf,190,VERIFIED,1,Current-cost validation: Exact / 1¢; closest published cost $3.78; current-minus-closest $0.00.,2026-08-07 19:21:02
191,61,current,2026-08-01,BREAK,10.0,CS,81.76,3.41,Southern Glazers Price Book.pdf,190,VERIFIED,1,Current-cost validation: Exact / 1¢; closest published cost $3.78; current-minus-closest $0.00.,2026-08-07 19:21:02
192,62,current,2026-08-01,BASE,1.0,BASE,166.08,6.92,Southern Glazers Price Book.pdf,190,VERIFIED,1,Current-cost validation: Exact / 1¢; closest published cost $6.45; current-minus-closest $0.00.,2026-08-07 19:21:02
193,62,current,2026-08-01,BREAK,3.0,CS,154.8,6.45,Southern Glazers Price Book.pdf,190,VERIFIED,1,Current-cost validation: Exact / 1¢; closest published cost $6.45; current-minus-closest $0.00.,2026-08-07 19:21:02
194,62,current,2026-08-01,BREAK,5.0,CS,147.6,6.15,Southern Glazers Price Book.pdf,190,VERIFIED,1,Current-cost validation: Exact / 1¢; closest published cost $6.45; current-minus-closest $0.00.,2026-08-07 19:21:02
195,62,current,2026-08-01,BREAK,10.0,CS,129.12,5.38,Southern Glazers Price Book.pdf,190,VERIFIED,1,Current-cost validation: Exact / 1¢; closest published cost $6.45; current-minus-closest $0.00.,2026-08-07 19:21:02
196,63,current,2026-08-01,BASE,1.0,BASE,118.8,0.99,Southern Glazers Price Book.pdf,190,VERIFIED,1,User instructed us to treat 50ML as assortable. Current-cost validation: Exact / 1¢; closest published cost $0.99; current-minus-closest $0.00.,2026-08-07 19:21:02
197,64,current,2026-08-01,BASE,1.0,BASE,190.1,15.84,Southern Glazers Price Book.pdf,190,VERIFIED,1,Current-cost validation: Exact / 1¢; closest published cost $13.15; current-minus-closest $0.00.,2026-08-07 19:21:02
198,64,current,2026-08-01,BREAK,3.0,CS,157.82,13.15,Southern Glazers Price Book.pdf,190,VERIFIED,1,Current-cost validation: Exact / 1¢; closest published cost $13.15; current-minus-closest $0.00.,2026-08-07 19:21:02
199,64,current,2026-08-01,BREAK,5.0,CS,148.58,12.38,Southern Glazers Price Book.pdf,190,VERIFIED,1,Current-cost validation: Exact / 1¢; closest published cost $13.15; current-minus-closest $0.00.,2026-08-07 19:21:02
200,65,current,2026-08-01,BASE,1.0,BASE,184.21,30.7,Southern Glazers Price Book.pdf,297,VERIFIED,1,Current-cost validation: Exact / 1¢; closest published cost $20.80; current-minus-closest $0.00.,2026-08-07 19:21:02
201,65,current,2026-08-01,BREAK,18.0,BT,,20.8,Southern Glazers Price Book.pdf,297,VERIFIED,1,Current-cost validation: Exact / 1¢; closest published cost $20.80; current-minus-closest $0.00.,2026-08-07 19:21:02
202,65,current,2026-08-01,BREAK,42.0,BT,,20.0,Southern Glazers Price Book.pdf,297,VERIFIED,1,Current-cost validation: Exact / 1¢; closest published cost $20.80; current-minus-closest $0.00.,2026-08-07 19:21:02
203,65,current,2026-08-01,BREAK,90.0,BT,,18.4,Southern Glazers Price Book.pdf,297,VERIFIED,1,Current-cost validation: Exact / 1¢; closest published cost $20.80; current-minus-closest $0.00.,2026-08-07 19:21:02
204,65,current,2026-08-01,BREAK,210.0,BT,,17.6,Southern Glazers Price Book.pdf,297,VERIFIED,1,Current-cost validation: Exact / 1¢; closest published cost $20.80; current-minus-closest $0.00.,2026-08-07 19:21:02
205,66,current,2026-08-01,BASE,1.0,BASE,230.4,19.2,Southern Glazers Price Book.pdf,297,VERIFIED,1,Current-cost validation: Exact / 1¢; closest published cost $12.80; current-minus-closest $0.00.,2026-08-07 19:21:02
206,66,current,2026-08-01,BREAK,2.0,BT,,16.0,Southern Glazers Price Book.pdf,297,VERIFIED,1,Current-cost validation: Exact / 1¢; closest published cost $12.80; current-minus-closest $0.00.,2026-08-07 19:21:02
207,66,current,2026-08-01,BREAK,12.0,BT,,13.6,Southern Glazers Price Book.pdf,297,VERIFIED,1,Current-cost validation: Exact / 1¢; closest published cost $12.80; current-minus-closest $0.00.,2026-08-07 19:21:02
208,66,current,2026-08-01,BREAK,36.0,BT,,12.8,Southern Glazers Price Book.pdf,297,VERIFIED,1,Current-cost validation: Exact / 1¢; closest published cost $12.80; current-minus-closest $0.00.,2026-08-07 19:21:02
209,67,current,2026-08-01,BASE,1.0,BASE,124.8,5.2,Southern Glazers Price Book.pdf,297,VERIFIED,1,Current-cost validation: Exact / 1¢; closest published cost $3.70; current-minus-closest $0.00.,2026-08-07 19:21:02
210,67,current,2026-08-01,BREAK,12.0,BT,,4.05,Southern Glazers Price Book.pdf,297,VERIFIED,1,Current-cost validation: Exact / 1¢; closest published cost $3.70; current-minus-closest $0.00.,2026-08-07 19:21:02
211,67,current,2026-08-01,BREAK,24.0,BT,,3.7,Southern Glazers Price Book.pdf,297,VERIFIED,1,Current-cost validation: Exact / 1¢; closest published cost $3.70; current-minus-closest $0.00.,2026-08-07 19:21:02
212,68,current,2026-08-01,BASE,1.0,BASE,105.0,8.75,Southern Glazers Price Book.pdf,297,VERIFIED,1,Current-cost validation: Exact / 1¢; closest published cost $5.90; current-minus-closest $0.00.,2026-08-07 19:21:02
213,68,current,2026-08-01,BREAK,12.0,BT,,5.9,Southern Glazers Price Book.pdf,297,VERIFIED,1,Current-cost validation: Exact / 1¢; closest published cost $5.90; current-minus-closest $0.00.,2026-08-07 19:21:02
214,69,current,2026-08-01,BASE,1.0,BASE,158.0,1.32,Southern Glazers Price Book.pdf,297,VERIFIED,1,Price book threshold notation is preserved as BT; user instructed us to treat 50ML as assortable. Current-cost validation: Exact / 1¢; closest published cost $1.00; current-minus-closest $0.00.,2026-08-07 19:21:02
215,69,current,2026-08-01,BREAK,2.0,BT,,1.17,Southern Glazers Price Book.pdf,297,VERIFIED,1,Price book threshold notation is preserved as BT; user instructed us to treat 50ML as assortable. Current-cost validation: Exact / 1¢; closest published cost $1.00; current-minus-closest $0.00.,2026-08-07 19:21:02
216,69,current,2026-08-01,BREAK,12.0,BT,,1.0,Southern Glazers Price Book.pdf,297,VERIFIED,1,Price book threshold notation is preserved as BT; user instructed us to treat 50ML as assortable. Current-cost validation: Exact / 1¢; closest published cost $1.00; current-minus-closest $0.00.,2026-08-07 19:21:02
217,70,current,2026-08-01,BASE,1.0,BASE,196.8,16.4,Southern Glazers Price Book.pdf,297,VERIFIED,1,Current-cost validation: Exact / 1¢; closest published cost $10.40; current-minus-closest $0.00.,2026-08-07 19:21:02
218,70,current,2026-08-01,BREAK,24.0,BT,,11.2,Southern Glazers Price Book.pdf,297,VERIFIED,1,Current-cost validation: Exact / 1¢; closest published cost $10.40; current-minus-closest $0.00.,2026-08-07 19:21:02
219,70,current,2026-08-01,BREAK,36.0,BT,,10.4,Southern Glazers Price Book.pdf,297,VERIFIED,1,Current-cost validation: Exact / 1¢; closest published cost $10.40; current-minus-closest $0.00.,2026-08-07 19:21:02
220,71,current,2026-08-01,BASE,1.0,BASE,152.0,12.67,Empire August Book.pdf,85,VERIFIED,1,Current Shopify cost $10.66 is 1¢ below book's $10.67 2CS tier; treated as minor invoice/rounding variance. Current-cost validation: Exact / 1¢; closest published cost $10.67; current-minus-closest $-0.01.,2026-08-07 19:21:02
221,71,current,2026-08-01,BREAK,2.0,CS,128.0,10.67,Empire August Book.pdf,85,VERIFIED,1,Current Shopify cost $10.66 is 1¢ below book's $10.67 2CS tier; treated as minor invoice/rounding variance. Current-cost validation: Exact / 1¢; closest published cost $10.67; current-minus-closest $-0.01.,2026-08-07 19:21:02
222,71,current,2026-08-01,BREAK,3.0,CS,120.0,10.0,Empire August Book.pdf,85,VERIFIED,1,Current Shopify cost $10.66 is 1¢ below book's $10.67 2CS tier; treated as minor invoice/rounding variance. Current-cost validation: Exact / 1¢; closest published cost $10.67; current-minus-closest $-0.01.,2026-08-07 19:21:02
223,71,current,2026-08-01,BREAK,5.0,CS,112.0,9.33,Empire August Book.pdf,85,VERIFIED,1,Current Shopify cost $10.66 is 1¢ below book's $10.67 2CS tier; treated as minor invoice/rounding variance. Current-cost validation: Exact / 1¢; closest published cost $10.67; current-minus-closest $-0.01.,2026-08-07 19:21:02
224,72,current,2026-08-01,BASE,1.0,BASE,112.0,9.33,Empire August Book.pdf,84,VERIFIED,1,Current-cost validation: Exact / 1¢; closest published cost $8.67; current-minus-closest $-0.01.,2026-08-07 19:21:02
225,72,current,2026-08-01,BREAK,2.0,CS,104.0,8.67,Empire August Book.pdf,84,VERIFIED,1,Current-cost validation: Exact / 1¢; closest published cost $8.67; current-minus-closest $-0.01.,2026-08-07 19:21:02
226,72,current,2026-08-01,BREAK,5.0,CS,96.0,8.0,Empire August Book.pdf,84,VERIFIED,1,Current-cost validation: Exact / 1¢; closest published cost $8.67; current-minus-closest $-0.01.,2026-08-07 19:21:02
227,72,current,2026-08-01,BREAK,15.0,CS,88.0,7.33,Empire August Book.pdf,84,VERIFIED,1,Current-cost validation: Exact / 1¢; closest published cost $8.67; current-minus-closest $-0.01.,2026-08-07 19:21:02
228,73,current,2026-08-01,BASE,1.0,BASE,54.0,18.0,Empire August Book.pdf,79,HIGH,1,"Shopify title does not identify Gin vs Vodka variety. Both current price-book variety packs have the same case and break schedule, so economics are identical. Current-cost validation: Close ≤5¢; closest published cost $15.07; current-minus-closest $-0.03.",2026-08-07 19:21:02
229,73,current,2026-08-01,BREAK,3.0,CS,45.2,15.066666666666668,Empire August Book.pdf,79,HIGH,1,"Shopify title does not identify Gin vs Vodka variety. Both current price-book variety packs have the same case and break schedule, so economics are identical. Current-cost validation: Close ≤5¢; closest published cost $15.07; current-minus-closest $-0.03.",2026-08-07 19:21:02
230,73,current,2026-08-01,BREAK,25.0,CS,44.0,14.666666666666666,Empire August Book.pdf,79,HIGH,1,"Shopify title does not identify Gin vs Vodka variety. Both current price-book variety packs have the same case and break schedule, so economics are identical. Current-cost validation: Close ≤5¢; closest published cost $15.07; current-minus-closest $-0.03.",2026-08-07 19:21:02
231,74,current,2026-08-01,BASE,1.0,BASE,66.0,22.0,Empire August Book.pdf,85,VERIFIED,1,"Shopify product type says Bourbon, but product title and price book identify this as wine. Current-cost validation: Exact / 1¢; closest published cost $15.33; current-minus-closest $0.00.",2026-08-07 19:21:02
232,74,current,2026-08-01,BREAK,2.0,CS,51.0,17.0,Empire August Book.pdf,85,VERIFIED,1,"Shopify product type says Bourbon, but product title and price book identify this as wine. Current-cost validation: Exact / 1¢; closest published cost $15.33; current-minus-closest $0.00.",2026-08-07 19:21:02
233,74,current,2026-08-01,BREAK,7.0,CS,46.0,15.33,Empire August Book.pdf,85,VERIFIED,1,"Shopify product type says Bourbon, but product title and price book identify this as wine. Current-cost validation: Exact / 1¢; closest published cost $15.33; current-minus-closest $0.00.",2026-08-07 19:21:02
234,75,current,2026-08-01,BASE,1.0,BASE,144.0,12.0,Southern Glazers Price Book.pdf,101,VERIFIED,1,Current-cost validation: Exact / 1¢; closest published cost $10.67; current-minus-closest $0.00.,2026-08-07 19:21:02
235,75,current,2026-08-01,BREAK,12.0,BT,,10.67,Southern Glazers Price Book.pdf,101,VERIFIED,1,Current-cost validation: Exact / 1¢; closest published cost $10.67; current-minus-closest $0.00.,2026-08-07 19:21:02
236,75,current,2026-08-01,BREAK,60.0,BT,,9.33,Southern Glazers Price Book.pdf,101,VERIFIED,1,Current-cost validation: Exact / 1¢; closest published cost $10.67; current-minus-closest $0.00.,2026-08-07 19:21:02
237,76,current,2026-08-01,BASE,1.0,BASE,173.96,28.99,Empire August Book.pdf,58,VERIFIED,1,Current-cost validation: Exact / 1¢; closest published cost $24.99; current-minus-closest $0.00.,2026-08-07 19:21:02
238,76,current,2026-08-01,BREAK,6.0,BT,,27.99,Empire August Book.pdf,58,VERIFIED,1,Current-cost validation: Exact / 1¢; closest published cost $24.99; current-minus-closest $0.00.,2026-08-07 19:21:02
239,76,current,2026-08-01,BREAK,18.0,BT,,24.99,Empire August Book.pdf,58,VERIFIED,1,Current-cost validation: Exact / 1¢; closest published cost $24.99; current-minus-closest $0.00.,2026-08-07 19:21:02
240,76,current,2026-08-01,BREAK,60.0,BT,,21.99,Empire August Book.pdf,58,VERIFIED,1,Current-cost validation: Exact / 1¢; closest published cost $24.99; current-minus-closest $0.00.,2026-08-07 19:21:02
241,77,current,2026-08-01,BASE,1.0,BASE,245.88,20.49,Empire August Book.pdf,58,VERIFIED,1,Current-cost validation: Exact / 1¢; closest published cost $17.89; current-minus-closest $0.00.,2026-08-07 19:21:02
242,77,current,2026-08-01,BREAK,2.0,BT,,19.83,Empire August Book.pdf,58,VERIFIED,1,Current-cost validation: Exact / 1¢; closest published cost $17.89; current-minus-closest $0.00.,2026-08-07 19:21:02
243,77,current,2026-08-01,BREAK,12.0,BT,,18.19,Empire August Book.pdf,58,VERIFIED,1,Current-cost validation: Exact / 1¢; closest published cost $17.89; current-minus-closest $0.00.,2026-08-07 19:21:02
244,77,current,2026-08-01,BREAK,24.0,BT,,17.89,Empire August Book.pdf,58,VERIFIED,1,Current-cost validation: Exact / 1¢; closest published cost $17.89; current-minus-closest $0.00.,2026-08-07 19:21:02
245,77,current,2026-08-01,BREAK,36.0,BT,,16.99,Empire August Book.pdf,58,VERIFIED,1,Current-cost validation: Exact / 1¢; closest published cost $17.89; current-minus-closest $0.00.,2026-08-07 19:21:02
246,78,current,2026-08-01,BASE,1.0,BASE,91.2,7.6,Empire August Book.pdf,58,VERIFIED,1,Current-cost validation: Exact / 1¢; closest published cost $7.43; current-minus-closest $0.00.,2026-08-07 19:21:02
247,78,current,2026-08-01,BREAK,12.0,BT,,7.43,Empire August Book.pdf,58,VERIFIED,1,Current-cost validation: Exact / 1¢; closest published cost $7.43; current-minus-closest $0.00.,2026-08-07 19:21:02
248,79,current,2026-08-01,BASE,1.0,BASE,119.2,0.99,Empire August Book.pdf,58,VERIFIED,1,Price book says 50ML does not assort; user explicitly instructed the model to treat 50ML/100ML as assortable. Current-cost validation: Exact / 1¢; closest published cost $0.99; current-minus-closest $0.00.,2026-08-07 19:21:02
277,108,current,2026-08-01,BASE,1.0,BASE,100.0,16.67,Empire August Book.pdf,131,HIGH,1,Price book describes the 1.5L as a BAGNUM pouch; Shopify variant title is only 1.5L. Current-cost validation: Exact / 1¢; closest published cost $15.33; current-minus-closest $0.00.,2026-08-07 19:21:44
278,108,current,2026-08-01,BREAK,2.0,CS,96.0,16.0,Empire August Book.pdf,131,HIGH,1,Price book describes the 1.5L as a BAGNUM pouch; Shopify variant title is only 1.5L. Current-cost validation: Exact / 1¢; closest published cost $15.33; current-minus-closest $0.00.,2026-08-07 19:21:44
279,108,current,2026-08-01,BREAK,3.0,CS,92.0,15.33,Empire August Book.pdf,131,HIGH,1,Price book describes the 1.5L as a BAGNUM pouch; Shopify variant title is only 1.5L. Current-cost validation: Exact / 1¢; closest published cost $15.33; current-minus-closest $0.00.,2026-08-07 19:21:44
280,111,current,2026-08-01,BASE,1.0,BASE,132.0,11.0,Empire August Book.pdf,131,VERIFIED,1,Current-cost validation: Exact / 1¢; closest published cost $10.67; current-minus-closest $0.00.,2026-08-07 19:21:44
281,111,current,2026-08-01,BREAK,2.0,CS,128.0,10.67,Empire August Book.pdf,131,VERIFIED,1,Current-cost validation: Exact / 1¢; closest published cost $10.67; current-minus-closest $0.00.,2026-08-07 19:21:44
282,111,current,2026-08-01,BREAK,5.0,CS,120.0,10.0,Empire August Book.pdf,131,VERIFIED,1,Current-cost validation: Exact / 1¢; closest published cost $10.67; current-minus-closest $0.00.,2026-08-07 19:21:44
283,111,current,2026-08-01,BREAK,28.0,CS,112.0,9.33,Empire August Book.pdf,131,VERIFIED,1,Current-cost validation: Exact / 1¢; closest published cost $10.67; current-minus-closest $0.00.,2026-08-07 19:21:44
334,165,current,2026-08-01,BASE,1.0,BASE,160.0,13.33,Empire August Book.pdf,131,VERIFIED,1,Current-cost validation: Exact / 1¢; closest published cost $11.67; current-minus-closest $0.00.,2026-08-07 19:21:44
335,165,current,2026-08-01,BREAK,2.0,CS,152.0,12.67,Empire August Book.pdf,131,VERIFIED,1,Current-cost validation: Exact / 1¢; closest published cost $11.67; current-minus-closest $0.00.,2026-08-07 19:21:44
336,165,current,2026-08-01,BREAK,3.0,CS,140.0,11.67,Empire August Book.pdf,131,VERIFIED,1,Current-cost validation: Exact / 1¢; closest published cost $11.67; current-minus-closest $0.00.,2026-08-07 19:21:44
337,165,current,2026-08-01,BREAK,5.0,CS,128.0,10.67,Empire August Book.pdf,131,VERIFIED,1,Current-cost validation: Exact / 1¢; closest published cost $11.67; current-minus-closest $0.00.,2026-08-07 19:21:44
338,165,current,2026-08-01,BREAK,10.0,CS,120.0,10.0,Empire August Book.pdf,131,VERIFIED,1,Current-cost validation: Exact / 1¢; closest published cost $11.67; current-minus-closest $0.00.,2026-08-07 19:21:44
339,170,current,2026-08-01,BASE,1.0,BASE,135.96,11.33,Empire August Book.pdf,92,VERIFIED,1,Current-cost validation: Exact / 1¢; closest published cost $10.67; current-minus-closest $0.00.,2026-08-07 19:21:44
340,170,current,2026-08-01,BREAK,3.0,CS,128.04,10.67,Empire August Book.pdf,92,VERIFIED,1,Current-cost validation: Exact / 1¢; closest published cost $10.67; current-minus-closest $0.00.,2026-08-07 19:21:44
341,170,current,2026-08-01,BREAK,5.0,CS,120.0,10.0,Empire August Book.pdf,92,VERIFIED,1,Current-cost validation: Exact / 1¢; closest published cost $10.67; current-minus-closest $0.00.,2026-08-07 19:21:44
342,170,current,2026-08-01,BREAK,10.0,CS,112.08,9.34,Empire August Book.pdf,92,VERIFIED,1,Current-cost validation: Exact / 1¢; closest published cost $10.67; current-minus-closest $0.00.,2026-08-07 19:21:44
513,344,current,2026-08-01,BASE,1.0,BASE,72.0,12.0,Southern Glazers Price Book.pdf,178,VERIFIED,1,Current-cost validation: Exact / 1¢; closest published cost $10.67; current-minus-closest $0.00.,2026-08-07 19:21:44
514,344,current,2026-08-01,BREAK,3.0,CS,64.0,10.67,Southern Glazers Price Book.pdf,178,VERIFIED,1,Current-cost validation: Exact / 1¢; closest published cost $10.67; current-minus-closest $0.00.,2026-08-07 19:21:44
515,344,current,2026-08-01,BREAK,5.0,CS,60.0,10.0,Southern Glazers Price Book.pdf,178,VERIFIED,1,Current-cost validation: Exact / 1¢; closest published cost $10.67; current-minus-closest $0.00.,2026-08-07 19:21:44
516,344,current,2026-08-01,BREAK,10.0,CS,52.0,8.67,Southern Glazers Price Book.pdf,178,VERIFIED,1,Current-cost validation: Exact / 1¢; closest published cost $10.67; current-minus-closest $0.00.,2026-08-07 19:21:44
517,348,current,2026-08-01,BASE,1.0,BASE,80.0,6.67,Southern Glazers Price Book.pdf,178,HIGH,1,Price book labels the 750ML line CHARDONNAY rather than CHARD SUPER CRISP. Current Shopify $5.34 cost exactly matches the 3CS 750ML Chardonnay tier; verify label if desired. Current-cost validation: Exact / 1¢; closest published cost $5.34; current-minus-closest $0.00.,2026-08-07 19:21:44
518,348,current,2026-08-01,BREAK,3.0,CS,64.09,5.34,Southern Glazers Price Book.pdf,178,HIGH,1,Price book labels the 750ML line CHARDONNAY rather than CHARD SUPER CRISP. Current Shopify $5.34 cost exactly matches the 3CS 750ML Chardonnay tier; verify label if desired. Current-cost validation: Exact / 1¢; closest published cost $5.34; current-minus-closest $0.00.,2026-08-07 19:21:44
519,348,current,2026-08-01,BREAK,20.0,CS,56.05,4.67,Southern Glazers Price Book.pdf,178,HIGH,1,Price book labels the 750ML line CHARDONNAY rather than CHARD SUPER CRISP. Current Shopify $5.34 cost exactly matches the 3CS 750ML Chardonnay tier; verify label if desired. Current-cost validation: Exact / 1¢; closest published cost $5.34; current-minus-closest $0.00.,2026-08-07 19:21:44
